id,season,week,seasonType,startDate,startTimeTBD,completed,neutralSite,conferenceGame,attendance,venueId,venue,homeId,homeTeam,homeClassification,homeConference,homePoints,homeLineScores,homePostgameWinProbability,homePregameElo,homePostgameElo,awayId,awayTeam,awayClassification,awayConference,awayPoints,awayLineScores,awayPostgameWinProbability,awayPregameElo,awayPostgameElo,excitementIndex,highlights,notes,home_composite,home_SP,away_composite,away_SP
401864577,2026,1,regular,2026-08-29T04:00:00.000Z,True,False,False,False,,3714,Fargodome,2449,North Dakota State,fbs,Mountain West,,,,,,55,Jacksonville State,fbs,Conference USA,,,,,,,,,,,-4.07569743373152,-6.7
401858201,2026,1,regular,2026-08-29T04:00:00.000Z,True,False,False,False,,3940,Stanford Stadium,24,Stanford,fbs,ACC,,,,,,62,Hawai'i,fbs,Mountain West,,,,,,,,,-6.298182172490354,-11.8,-1.3547865732703483,1.7
401866408,2026,1,regular,2026-08-29T04:00:00.000Z,True,False,False,True,,3912,Rynearson Stadium,2199,Eastern Michigan,fbs,Mid-American,,,,,,16,Sacramento State,fbs,Mid-American,,,,,,,,,-10.152992750332649,-14.7,,
401858203,2026,1,regular,2026-08-29T04:00:00.000Z,True,False,False,False,,3697,Doak Campbell Stadium,52,Florida State,fbs,ACC,,,,,,166,New Mexico State,fbs,Conference USA,,,,,,,,,4.530140271678208,7.2,-11.50934011383038,-15.5
401864494,2026,1,regular,2026-08-29T04:00:00.000Z,True,False,False,False,,477,Los Angeles Memorial Coliseum,30,USC,fbs,Big Ten,,,,,,23,San José State,fbs,Mountain West,,,,,,,,,12.012121211063716,16.9,-10.083470117202756,-14.3
401858202,2026,1,regular,2026-08-29T04:00:00.000Z,True,False,True,True,,11797,Nilton Santos Stadium,258,Virginia,fbs,ACC,,,,,,152,NC State,fbs,ACC,,,,,,,,,5.907986460984766,11.1,4.379001235552232,4.8
401856766,2026,1,regular,2026-08-29T04:00:00.000Z,True,False,True,False,,3504,Aviva Stadium,2628,TCU,fbs,Big 12,,,,,,153,North Carolina,fbs,ACC,,,,,,,,,6.264575408872811,8.3,-4.9209574583406415,-6.6
401862693,2026,1,regular,2026-08-29T04:00:00.000Z,True,False,False,False,,6501,Allegiant Stadium,2439,UNLV,fbs,Mountain West,,,,,,235,Memphis,fbs,American Athletic,,,,,,,,,1.663416426982159,4.3,2.836722465986789,7.6
401858204,2026,1,regular,2026-09-03T04:00:00.000Z,True,False,False,False,,3630,Allegacy Federal Credit Union Stadium,154,Wake Forest,fbs,ACC,,,,,,2006,Akron,fbs,Mid-American,,,,,,,,,1.9988560846284509,5.7,-11.378692054665397,-13.9
401864424,2026,1,regular,2026-09-03T04:00:00.000Z,True,False,False,False,,3695,Delaware Stadium,48,Delaware,fbs,Conference USA,,,,,,2771,Merrimack,fcs,FCS Independents,,,,,,,,,-8.569898735313854,-10.9,,
401858423,2026,1,regular,2026-09-03T04:00:00.000Z,True,False,False,False,,6577,SHI Stadium,164,Rutgers,fbs,Big Ten,,,,,,113,Massachusetts,fbs,Mid-American,,,,,,,,,0.8955656809735639,1.0,-23.515507145934244,-36.6
401856768,2026,1,regular,2026-09-03T04:00:00.000Z,True,False,False,False,,587,Rice-Eccles Stadium,254,Utah,fbs,Big 12,,,,,,70,Idaho,fcs,Big Sky,,,,,,,,,13.988310372281004,22.2,,
401856767,2026,1,regular,2026-09-03T04:00:00.000Z,True,False,False,False,,3652,FBC Mortgage Stadium,2116,UCF,fbs,Big 12,,,,,,2065,Bethune-Cookman,fcs,SWAC,,,,,,,,,-1.101336881341057,-1.2,,
401866409,2026,1,regular,2026-09-03T04:00:00.000Z,True,False,False,False,,3965,UB Stadium,2084,Buffalo,fbs,Mid-American,,,,,,399,UAlbany,fcs,CAA,,,,,,,,,-6.622674488235944,-7.5,,
401856776,2026,1,regular,2026-09-03T04:00:00.000Z,True,False,False,False,,721,Bobby Dodd Stadium,59,Georgia Tech,fbs,ACC,,,,,,38,Colorado,fbs,Big 12,,,,,,,,,6.129344713647271,9.3,-4.901429057985768,-8.3
401864425,2026,1,regular,2026-09-03T04:00:00.000Z,True,False,False,False,,4899,Fifth Third Stadium,338,Kennesaw State,fbs,Conference USA,,,,,,2698,West Georgia,fcs,UAC,,,,,,,,,-5.736746851191715,-5.4,,
401858422,2026,1,regular,2026-09-03T04:00:00.000Z,True,False,False,False,,3953,Huntington Bank Stadium,135,Minnesota,fbs,Big Ten,,,,,,2197,Eastern Illinois,fcs,Big South-OVC,,,,,,,,,0.8747571955119204,1.5,,
401858206,2026,1,regular,2026-09-04T04:00:00.000Z,True,False,False,True,,3940,Stanford Stadium,24,Stanford,fbs,ACC,,,,,,2390,Miami,fbs,ACC,,,,,,,,,-6.298182172490354,-11.8,14.665351850528298,20.7
401864495,2026,1,regular,2026-09-04T04:00:00.000Z,True,False,False,False,,3912,Rynearson Stadium,2199,Eastern Michigan,fbs,Mid-American,,,,,,23,San José State,fbs,Mountain West,,,,,,,,,-10.152992750332649,-14.7,-10.083470117202756,-14.3
401856769,2026,1,regular,2026-09-04T04:00:00.000Z,True,False,False,False,,3833,Memorial Stadium,2305,Kansas,fbs,Big 12,,,,,,2341,Long Island University,fcs,NEC,,,,,,,,,2.362685970496978,4.1,,
401862696,2026,1,regular,2026-09-05T04:00:00.000Z,True,False,False,False,,3852,Navy-Marine Corps Memorial Stadium,2426,Navy,fbs,American Athletic,,,,,,119,Towson,fcs,CAA,,,,,,,,,3.6151567164179106,6.2,,
401862695,2026,1,regular,2026-09-05T04:00:00.000Z,True,False,False,False,,3805,Simmons Bank Liberty Stadium,235,Memphis,fbs,American Athletic,,,,,,2032,Arkansas State,fbs,Sun Belt,,,,,,,,,2.836722465986789,7.6,-6.130429393073119,-8.8
401856778,2026,1,regular,2026-09-05T04:00:00.000Z,True,False,False,False,,4728,TDECU Stadium,248,Houston,fbs,Big 12,,,,,,204,Oregon State,fbs,Pac-12,,,,,,,,,4.627377792543724,7.4,-9.86976662212677,-15.9
401856780,2026,1,regular,2026-09-05T04:00:00.000Z,True,False,False,False,,3842,Milan Puskar Stadium,277,West Virginia,fbs,Big 12,,,,,,324,Coastal Carolina,fbs,Sun Belt,,,,,,,,,-4.889941995131068,-6.8,-9.3243517609269,-15.1
401858437,2026,1,regular,2026-09-05T04:00:00.000Z,True,False,False,False,,3765,Husky Stadium,264,Washington,fbs,Big Ten,,,,,,265,Washington State,fbs,Pac-12,,,,,,,,,11.414099047867792,18.4,1.0901117343902982,3.8
401860878,2026,1,regular,2026-09-05T04:00:00.000Z,True,False,False,True,,5388,Canvas Stadium,36,Colorado State,fbs,Pac-12,,,,,,2751,Wyoming,fbs,Mountain West,,,,,,,,,-10.358706746414548,-15.6,-7.474915292494448,-11.3
401858434,2026,1,regular,2026-09-05T04:00:00.000Z,True,False,False,False,,3632,Beaver Stadium,213,Penn State,fbs,Big Ten,,,,,,276,Marshall,fbs,Sun Belt,,,,,,,,,13.108973426889438,18.1,-2.149252505851573,-4.5
401864497,2026,1,regular,2026-09-05T04:00:00.000Z,True,False,False,True,,7220,Clarence T.C. Ching Athletics Complex,62,Hawai'i,fbs,Mountain West,,,,,,2439,UNLV,fbs,Mountain West,,,,,,,,,-1.3547865732703483,1.7,1.663416426982159,4.3
401856636,2026,1,regular,2026-09-05T04:00:00.000Z,True,False,True,False,,5348,Mercedes-Benz Stadium,2,Auburn,fbs,SEC,,,,,,239,Baylor,fbs,Big 12,,,,,,,,,7.453457920925981,11.6,1.9959355568862849,1.4
401858428,2026,1,regular,2026-09-05T04:00:00.000Z,True,False,False,False,,3558,Michigan Stadium,130,Michigan,fbs,Big Ten,,,,,,2711,Western Michigan,fbs,Mid-American,,,,,,,,,9.446327986321638,12.4,-0.1835943338395365,-1.4
401858429,2026,1,regular,2026-09-05T04:00:00.000Z,True,False,False,False,,3936,Spartan Stadium,127,Michigan State,fbs,Big Ten,,,,,,2649,Toledo,fbs,Mid-American,,,,,,,,,-0.9993838740226948,-3.4,4.035342090714397,6.0
401856665,2026,1,regular,2026-09-05T04:00:00.000Z,True,False,False,False,,3994,Williams-Brice Stadium,2579,South Carolina,fbs,SEC,,,,,,2309,Kent State,fbs,Mid-American,,,,,,,,,5.815141074531684,5.9,-15.028327676365857,-19.3
401864498,2026,1,regular,2026-09-05T04:00:00.000Z,True,False,False,False,,3971,University Stadium (NM),167,New Mexico,fbs,Mountain West,,,,,,2117,Central Michigan,fbs,Mid-American,,,,,,,,,-1.9330740047732964,0.9,-8.277083807944111,-8.8
401858432,2026,1,regular,2026-09-05T04:00:00.000Z,True,False,False,False,,3861,Ohio Stadium,194,Ohio State,fbs,Big Ten,,,,,,2050,Ball State,fbs,Mid-American,,,,,,,,,20.412432705449245,30.1,-16.169764807426272,-23.0
401858430,2026,1,regular,2026-09-05T04:00:00.000Z,True,False,False,False,,3834,"Memorial Stadium (Lincoln, NE)",158,Nebraska,fbs,Big Ten,,,,,,195,Ohio,fbs,Mid-American,,,,,,,,,4.303561685092163,6.2,-1.7270115905927574,-4.0
401858207,2026,1,regular,2026-09-05T04:00:00.000Z,True,False,False,False,,3752,Acrisure Stadium,221,Pittsburgh,fbs,ACC,,,,,,193,Miami (OH),fbs,Mid-American,,,,,,,,,5.696052770885623,8.4,-3.1775534402591803,-3.4
401858210,2026,1,regular,2026-09-05T04:00:00.000Z,True,False,False,False,,3831,California Memorial Stadium,25,California,fbs,ACC,,,,,,26,UCLA,fbs,Big Ten,,,,,,,,,-2.956324887796351,-3.2,-4.79368522529276,-8.7
401858433,2026,1,regular,2026-09-05T04:00:00.000Z,True,False,False,False,,3626,Autzen Stadium,2483,Oregon,fbs,Big Ten,,,,,,68,Boise State,fbs,Pac-12,,,,,,,,,17.45461079235452,25.9,2.340264139698954,3.1
401856660,2026,1,regular,2026-09-05T04:00:00.000Z,True,False,False,False,,3958,Tiger Stadium (LA),99,LSU,fbs,SEC,,,,,,228,Clemson,fbs,ACC,,,,,,,,,7.929507674598161,10.3,8.19128633697738,9.5
401858436,2026,1,regular,2026-09-05T04:00:00.000Z,True,False,False,False,,477,Los Angeles Memorial Coliseum,30,USC,fbs,Big Ten,,,,,,278,Fresno State,fbs,Pac-12,,,,,,,,,12.012121211063716,16.9,-0.8459897998591692,1.8
401856777,2026,1,regular,2026-09-05T04:00:00.000Z,True,False,False,False,,3854,Nippert Stadium,2132,Cincinnati,fbs,Big 12,,,,,,103,Boston College,fbs,ACC,,,,,,,,,2.670951635634245,4.5,-4.643531212630915,-8.5
401856661,2026,1,regular,2026-09-05T04:00:00.000Z,True,False,True,False,,3810,Nissan Stadium,145,Ole Miss,fbs,SEC,,,,,,97,Louisville,fbs,ACC,,,,,,,,Will be played Sept. 5 or Sept. 6,15.07976744095631,24.0,7.876000526356302,12.4
401856771,2026,1,regular,2026-09-05T04:00:00.000Z,True,False,False,False,,3636,Bill Snyder Family Stadium,2306,Kansas State,fbs,Big 12,,,,,,2447,Nicholls,fcs,Southland,,,,,,,,,5.543882663257685,7.0,,
401858426,2026,1,regular,2026-09-05T04:00:00.000Z,True,False,False,False,,3793,Kinnick Stadium,2294,Iowa,fbs,Big Ten,,,,,,2459,Northern Illinois,fbs,Mountain West,,,,,,,,,12.63699576066072,19.7,-10.823582106411772,-16.7
401862694,2026,1,regular,2026-09-05T04:00:00.000Z,True,False,False,False,,4418,Jerry Richardson Stadium,2429,Charlotte,fbs,American Athletic,,,,,,2643,The Citadel,fcs,Southern,,,,,,,,,-17.345504478601242,-26.7,,
401856666,2026,1,regular,2026-09-05T04:00:00.000Z,True,False,False,False,,3853,Neyland Stadium,2633,Tennessee,fbs,SEC,,,,,,231,Furman,fcs,Southern,,,,,,,,,9.894871582442132,15.0,,
401862697,2026,1,regular,2026-09-05T04:00:00.000Z,True,False,False,False,,3895,Rice Stadium,242,Rice,fbs,American Athletic,,,,,,2277,Houston Christian,fcs,Southland,,,,,,,,,-11.23273108593408,-14.8,,
401858211,2026,1,regular,2026-09-05T04:00:00.000Z,True,False,False,False,,3799,Lane Stadium,259,Virginia Tech,fbs,ACC,,,,,,2678,VMI,fcs,Southern,,,,,,,,,-4.313755640950693,-10.1,,
401858425,2026,1,regular,2026-09-05T04:00:00.000Z,True,False,False,False,,3830,"Memorial Stadium (Bloomington, IN)",84,Indiana,fbs,Big Ten,,,,,,249,North Texas,fbs,American Athletic,,,,,,,,,22.018965910520933,32.4,7.273833165668625,13.8
401856637,2026,1,regular,2026-09-05T04:00:00.000Z,True,False,False,False,,3634,Ben Hill Griffin Stadium,57,Florida,fbs,SEC,,,,,,2226,Florida Atlantic,fbs,American Athletic,,,,,,,,,4.277491963455242,3.5,-7.954327133931199,-8.7
401858424,2026,1,regular,2026-09-05T04:00:00.000Z,True,False,False,False,,3832,"Memorial Stadium (Champaign, IL)",356,Illinois,fbs,Big Ten,,,,,,5,UAB,fbs,American Athletic,,,,,,,,,7.118538498166778,12.9,-10.289782563338663,-15.8
401856659,2026,1,regular,2026-09-05T04:00:00.000Z,True,False,False,False,,3683,Kroger Field,96,Kentucky,fbs,SEC,,,,,,2754,Youngstown State,fcs,MVFC,,,,,,,,,1.3204525927635191,1.8,,
401856667,2026,1,regular,2026-09-05T04:00:00.000Z,True,False,False,False,,3910,DKR-Texas Memorial Stadium,251,Texas,fbs,SEC,,,,,,326,Texas State,fbs,Pac-12,,,,,,,,,12.45207640875597,16.2,1.8173930819668864,2.3
401858435,2026,1,regular,2026-09-05T04:00:00.000Z,True,False,False,False,,3907,Ross-Ade Stadium,2509,Purdue,fbs,Big Ten,,,,,,282,Indiana State,fcs,MVFC,,,,,,,,,-4.50813200195571,-6.1,,
401864496,2026,1,regular,2026-09-05T04:00:00.000Z,True,False,False,False,,3713,Falcon Stadium,2005,Air Force,fbs,Mountain West,,,,,,2184,Duquesne,fcs,NEC,,,,,,,,,-3.230343283582089,-3.2,,
401858431,2026,1,regular,2026-09-05T04:00:00.000Z,True,False,False,False,,5960,Lanny and Sharon Martin Stadium,77,Northwestern,fbs,Big Ten,,,,,,2571,South Dakota State,fcs,MVFC,,,,,,,,,3.57554342897739,5.8,,
401856774,2026,1,regular,2026-09-05T04:00:00.000Z,True,False,False,False,,3947,Mountain America Stadium,9,Arizona State,fbs,Big 12,,,,,,2415,Morgan State,fcs,MEAC,,,,,,,,,3.8983574163879062,3.9,,
401858427,2026,1,regular,2026-09-05T04:00:00.000Z,True,False,False,False,,3665,SECU Stadium,120,Maryland,fbs,Big Ten,,,,,,47,Howard,fcs,MEAC,,,,,,,,,-1.4216318725694228,0.6,,
401856664,2026,1,regular,2026-09-05T04:00:00.000Z,True,False,False,False,,3835,"Memorial Stadium (Norman, OK)",201,Oklahoma,fbs,SEC,,,,,,2638,UTEP,fbs,Mountain West,,,,,,,,,12.17713073595135,18.3,-10.925472904729055,-17.5
401862701,2026,1,regular,2026-09-05T04:00:00.000Z,True,False,False,False,,3841,Michie Stadium,349,Army,fbs,American Athletic,,,,,,2803,Bryant,fcs,CAA,,,,,,,,,-2.316955389121835,0.8,,
401856779,2026,1,regular,2026-09-05T04:00:00.000Z,True,False,False,False,,3772,Jack Trice Stadium,66,Iowa State,fbs,Big 12,,,,,,2546,Southeast Missouri State,fcs,Big South-OVC,,,,,,,,,6.0671843891579345,9.9,,
401856658,2026,1,regular,2026-09-05T04:00:00.000Z,True,False,False,False,,3917,Sanford Stadium,61,Georgia,fbs,SEC,,,,,,2634,Tennessee State,fcs,Big South-OVC,,,,,,,,,16.8327411286464,24.1,,
401860879,2026,1,regular,2026-09-05T04:00:00.000Z,True,False,False,False,,7311,Snapdragon Stadium,21,San Diego State,fbs,Pac-12,,,,,,2502,Portland State,fcs,Big Sky,,,,,,,,,3.0135965407925256,6.7,,
401856770,2026,1,regular,2026-09-05T04:00:00.000Z,True,False,False,False,,3784,Jones AT&T Stadium,2641,Texas Tech,fbs,Big 12,,,,,,2000,Abilene Christian,fcs,UAC,,,,,,,,,17.6991792937539,27.6,,
401856669,2026,1,regular,2026-09-05T04:00:00.000Z,True,False,False,False,,3973,FirstBank Stadium,238,Vanderbilt,fbs,SEC,,,,,,2046,Austin Peay,fcs,UAC,,,,,,,,,13.5246617202993,20.3,,
401856773,2026,1,regular,2026-09-05T04:00:00.000Z,True,False,False,False,,3619,Arizona Stadium,12,Arizona,fbs,Big 12,,,,,,2464,Northern Arizona,fcs,Big Sky,,,,,,,,,7.403131754301907,12.0,,
401856635,2026,1,regular,2026-09-05T04:00:00.000Z,True,False,False,False,,3887,Razorback Stadium,8,Arkansas,fbs,SEC,,,,,,2453,North Alabama,fcs,UAC,,,,,,,,,3.600665259775413,5.1,,
401866410,2026,1,regular,2026-09-05T04:00:00.000Z,True,False,False,False,,3700,Doyt L. Perry Stadium,189,Bowling Green,fbs,Mid-American,,,,,,2627,Tarleton State,fcs,UAC,,,,,,,,,-9.462107636422031,-12.6,,
401856775,2026,1,regular,2026-09-05T04:00:00.000Z,True,False,False,False,,3801,LaVell Edwards Stadium,252,BYU,fbs,Big 12,,,,,,3101,Utah Tech,fcs,UAC,,,,,,,,,10.789621328567566,15.9,,
401860880,2026,1,regular,2026-09-05T04:00:00.000Z,True,False,False,False,,3905,Maverik Stadium,328,Utah State,fbs,Pac-12,,,,,,304,Idaho State,fcs,Big Sky,,,,,,,,,-2.260534464630852,-3.1,,
401856772,2026,1,regular,2026-09-05T04:00:00.000Z,True,False,False,False,,3674,Chapman Stadium,202,Tulsa,fbs,American Athletic,,,,,,197,Oklahoma State,fbs,Big 12,,,,,,,,,-7.809272050450313,-10.0,-9.962268999294146,-15.1
401856634,2026,1,regular,2026-09-05T04:00:00.000Z,True,False,False,False,,3657,Bryant-Denny Stadium,333,Alabama,fbs,SEC,,,,,,151,East Carolina,fbs,American Athletic,,,,,,,,,12.012093054306495,14.8,4.212568586525315,8.0
401862698,2026,1,regular,2026-09-05T04:00:00.000Z,True,False,False,False,,3806,Lincoln Financial Field,218,Temple,fbs,American Athletic,,,,,,227,Rhode Island,fcs,CAA,,,,,,,,,-4.615399786530988,-5.1,,
401858208,2026,1,regular,2026-09-05T04:00:00.000Z,True,False,False,False,,1964,JMA Wireless Dome,183,Syracuse,fbs,ACC,,,,,,160,New Hampshire,fcs,CAA,,,,,,,,,-8.795570216842233,-13.1,,
401856663,2026,1,regular,2026-09-05T04:00:00.000Z,True,False,False,False,,3838,Memorial Stadium,142,Missouri,fbs,SEC,,,,,,2029,Arkansas-Pine Bluff,fcs,SWAC,,,,,,,,,8.980910678143152,14.4,,
401866411,2026,1,regular,2026-09-05T04:00:00.000Z,True,False,False,False,,3757,Hornet Stadium,16,Sacramento State,fbs,Mid-American,,,,,,2400,Mississippi Valley State,fcs,SWAC,,,,,,,,,,,,
401861962,2026,1,regular,2026-09-05T04:00:00.000Z,True,False,False,False,,3892,Pratt & Whitney Stadium,41,UConn,fbs,FBS Independents,,,,,,322,Lafayette,fcs,Patriot,,,,,,,,,1.006537706152533,5.1,,
401864499,2026,1,regular,2026-09-05T04:00:00.000Z,True,False,False,False,,3714,Fargodome,2449,North Dakota State,fbs,Mountain West,,,,,,2230,Fordham,fcs,Patriot,,,,,,,,,,,,
401862700,2026,1,regular,2026-09-05T04:00:00.000Z,True,False,False,False,,3604,Alamodome,2636,UTSA,fbs,American Athletic,,,,,,292,UT Rio Grande Valley,fcs,Southland,,,,,,,,,3.509841263493014,3.7,,
401856668,2026,1,regular,2026-09-05T04:00:00.000Z,True,False,False,False,,3795,Kyle Field,245,Texas A&M,fbs,SEC,,,,,,2623,Missouri State,fbs,Conference USA,,,,,,,,,14.4280651487751,20.7,-7.787267386131739,-10.7
401856662,2026,1,regular,2026-09-05T04:00:00.000Z,True,False,False,False,,3693,Davis Wade Stadium,344,Mississippi State,fbs,SEC,,,,,,2433,UL Monroe,fbs,Sun Belt,,,,,,,,,2.1111812540588133,4.1,-14.269609853331676,-21.6
401858209,2026,1,regular,2026-09-05T04:00:00.000Z,True,False,False,False,,3982,Wallace Wade Stadium,150,Duke,fbs,ACC,,,,,,2655,Tulane,fbs,American Athletic,,,,,,,,,3.6816511094177145,6.6,2.6787836041688293,6.3
401864432,2026,1,regular,2026-09-05T04:00:00.000Z,True,False,False,False,,3816,Mackay Stadium,2440,Nevada,fbs,Mountain West,,,,,,98,Western Kentucky,fbs,Conference USA,,,,,,,,,-9.108004380608008,-13.4,-2.1300282870469474,1.6
401862699,2026,1,regular,2026-09-05T04:00:00.000Z,True,False,False,False,,3886,Raymond James Stadium,58,South Florida,fbs,American Athletic,,,,,,2229,Florida International,fbs,Conference USA,,,,,,,,,8.882042757678047,11.6,-7.42614803682515,-10.5
401858438,2026,1,regular,2026-09-06T04:00:00.000Z,True,False,True,False,,3798,Lambeau Field,275,Wisconsin,fbs,Big Ten,,,,,,87,Notre Dame,fbs,FBS Independents,,,,,,,,,-0.8877467159049215,-4.4,18.48132325852264,24.4
401858212,2026,1,regular,2026-09-07T04:00:00.000Z,True,False,False,True,,3697,Doak Campbell Stadium,52,Florida State,fbs,ACC,,,,,,2567,SMU,fbs,ACC,,,,,,,,,4.530140271678208,7.2,9.584944651382775,13.4
401858213,2026,2,regular,2026-09-10T04:00:00.000Z,True,False,False,False,,3948,Hard Rock Stadium,2390,Miami,fbs,ACC,,,,,,50,Florida A&M,fcs,SWAC,,,,,,,,,14.665351850528298,20.7,,
401858215,2026,2,regular,2026-09-11T04:00:00.000Z,True,False,False,False,,3873,L&N Federal Credit Union Stadium,97,Louisville,fbs,ACC,,,,,,222,Villanova,fcs,CAA,,,,,,,,,7.876000526356302,12.4,,
401858214,2026,2,regular,2026-09-11T04:00:00.000Z,True,False,False,False,,3615,"Alumni Stadium (Chestnut Hill, MA)",103,Boston College,fbs,ACC,,,,,,164,Rutgers,fbs,Big Ten,,,,,,,,,-4.643531212630915,-8.5,0.8955656809735639,1.0
401862706,2026,2,regular,2026-09-12T04:00:00.000Z,True,False,False,False,,4729,Yulman Stadium,2655,Tulane,fbs,American Athletic,,,,,,6,South Alabama,fbs,Sun Belt,,,,,,,,,2.6787836041688293,6.3,-8.410054947972892,-12.7
401862707,2026,2,regular,2026-09-12T04:00:00.000Z,True,False,False,False,,3647,Elliott T. Bowers Stadium,2534,Sam Houston,fbs,Conference USA,,,,,,202,Tulsa,fbs,American Athletic,,,,,,,,,-17.334253743953486,-27.8,-7.809272050450313,-10.0
401864503,2026,2,regular,2026-09-12T04:00:00.000Z,True,False,False,False,,3764,Huskie Stadium,2459,Northern Illinois,fbs,Mountain West,,,,,,2287,Illinois State,fcs,MVFC,,,,,,,,,-10.823582106411772,-16.7,,
401856789,2026,2,regular,2026-09-12T04:00:00.000Z,True,False,False,False,,3616,Amon G. Carter Stadium,2628,TCU,fbs,Big 12,,,,,,2755,Grambling,fcs,SWAC,,,,,,,,,6.264575408872811,8.3,,
401864505,2026,2,regular,2026-09-12T04:00:00.000Z,True,False,False,False,,3946,Sun Bowl,2638,UTEP,fbs,Mountain West,,,,,,2640,Texas Southern,fcs,SWAC,,,,,,,,,-10.925472904729055,-17.5,,
401864571,2026,2,regular,2026-09-12T04:00:00.000Z,True,False,False,False,,3699,Dowdy-Ficklen Stadium,151,East Carolina,fbs,American Athletic,,,,,,2026,App State,fbs,Sun Belt,,,,,,,,,4.212568586525315,8.0,-9.186781488183936,-11.4
401858446,2026,2,regular,2026-09-12T04:00:00.000Z,True,False,False,False,,3765,Husky Stadium,264,Washington,fbs,Big Ten,,,,,,328,Utah State,fbs,Pac-12,,,,,,,,,11.414099047867792,18.4,-2.260534464630852,-3.1
401858220,2026,2,regular,2026-09-12T04:00:00.000Z,True,False,False,False,,3923,Scott Stadium,258,Virginia,fbs,ACC,,,,,,2450,Norfolk State,fcs,MEAC,,,,,,,,,5.907986460984766,11.1,,
401856787,2026,2,regular,2026-09-12T04:00:00.000Z,True,False,False,False,,4728,TDECU Stadium,248,Houston,fbs,Big 12,,,,,,2582,Southern,fcs,SWAC,,,,,,,,,4.627377792543724,7.4,,
401856784,2026,2,regular,2026-09-12T04:00:00.000Z,True,False,False,False,,4727,McLane Stadium,239,Baylor,fbs,Big 12,,,,,,2504,Prairie View A&M,fcs,SWAC,,,,,,,,,1.9959355568862849,1.4,,
401858439,2026,2,regular,2026-09-12T04:00:00.000Z,True,False,False,False,,3830,"Memorial Stadium (Bloomington, IN)",84,Indiana,fbs,Big Ten,,,,,,47,Howard,fcs,MEAC,,,,,,,,,22.018965910520933,32.4,,
401866420,2026,2,regular,2026-09-12T04:00:00.000Z,True,False,False,False,,3985,Warren McGuirk Alumni Stadium,113,Massachusetts,fbs,Mid-American,,,,,,2529,Sacred Heart,fcs,FCS Independents,,,,,,,,,-23.515507145934244,-36.6,,
401856677,2026,2,regular,2026-09-12T04:00:00.000Z,True,False,False,False,,3953,Huntington Bank Stadium,135,Minnesota,fbs,Big Ten,,,,,,344,Mississippi State,fbs,SEC,,,,,,,,,0.8747571955119204,1.5,2.1111812540588133,4.1
401866421,2026,2,regular,2026-09-12T04:00:00.000Z,True,False,False,False,,3980,Waldo Stadium,2711,Western Michigan,fbs,Mid-American,,,,,,2405,Monmouth,fcs,CAA,,,,,,,,,-0.1835943338395365,-1.4,,
401856675,2026,2,regular,2026-09-12T04:00:00.000Z,True,False,False,False,,3958,Tiger Stadium (LA),99,LSU,fbs,SEC,,,,,,2348,Louisiana Tech,fbs,Conference USA,,,,,,,,,7.929507674598161,10.3,-2.553970244421198,-1.3
401856790,2026,2,regular,2026-09-12T04:00:00.000Z,True,False,False,False,,3752,Acrisure Stadium,221,Pittsburgh,fbs,ACC,,,,,,2116,UCF,fbs,Big 12,,,,,,,,,5.696052770885623,8.4,-1.101336881341057,-1.2
401856671,2026,2,regular,2026-09-12T04:00:00.000Z,True,False,False,False,,3785,Jordan-Hare Stadium,2,Auburn,fbs,SEC,,,,,,2572,Southern Miss,fbs,Sun Belt,,,,,,,,,7.453457920925981,11.6,-5.661274499075172,-7.1
401858447,2026,2,regular,2026-09-12T04:00:00.000Z,True,False,False,False,,347,Camp Randall Stadium,275,Wisconsin,fbs,Big Ten,,,,,,2710,Western Illinois,fcs,Big South-OVC,,,,,,,,,-0.8877467159049215,-4.4,,
401856791,2026,2,regular,2026-09-12T04:00:00.000Z,True,False,False,False,,3842,Milan Puskar Stadium,277,West Virginia,fbs,Big 12,,,,,,2630,UT Martin,fcs,Big South-OVC,,,,,,,,,-4.889941995131068,-6.8,,
401858445,2026,2,regular,2026-09-12T04:00:00.000Z,True,False,False,False,,477,Los Angeles Memorial Coliseum,30,USC,fbs,Big Ten,,,,,,309,Louisiana,fbs,Sun Belt,,,,,,,,,12.012121211063716,16.9,-6.732852617373489,-10.1
401856785,2026,2,regular,2026-09-12T04:00:00.000Z,True,False,False,False,,3726,Folsom Field,38,Colorado,fbs,Big 12,,,,,,2692,Weber State,fcs,Big Sky,,,,,,,,,-4.901429057985768,-8.3,,
401856672,2026,2,regular,2026-09-12T04:00:00.000Z,True,False,False,False,,3634,Ben Hill Griffin Stadium,57,Florida,fbs,SEC,,,,,,2097,Campbell,fcs,CAA,,,,,,,,,4.277491963455242,3.5,,
401856681,2026,2,regular,2026-09-12T04:00:00.000Z,True,False,False,False,,721,Bobby Dodd Stadium,59,Georgia Tech,fbs,ACC,,,,,,2633,Tennessee,fbs,SEC,,,,,,,,,6.129344713647271,9.3,9.894871582442132,15.0
401860882,2026,2,regular,2026-09-12T04:00:00.000Z,True,False,False,False,,5388,Canvas Stadium,36,Colorado State,fbs,Pac-12,,,,,,253,Southern Utah,fcs,UAC,,,,,,,,,-10.358706746414548,-15.6,,
401856673,2026,2,regular,2026-09-12T04:00:00.000Z,True,False,False,False,,3917,Sanford Stadium,61,Georgia,fbs,SEC,,,,,,98,Western Kentucky,fbs,Conference USA,,,,,,,,,16.8327411286464,24.1,-2.1300282870469474,1.6
401860881,2026,2,regular,2026-09-12T04:00:00.000Z,True,False,False,False,,3653,Albertsons Stadium,68,Boise State,fbs,Pac-12,,,,,,235,Memphis,fbs,American Athletic,,,,,,,,,2.340264139698954,3.1,2.836722465986789,7.6
401862708,2026,2,regular,2026-09-12T04:00:00.000Z,True,False,False,False,,7221,Protective Stadium,5,UAB,fbs,American Athletic,,,,,,2433,UL Monroe,fbs,Sun Belt,,,,,,,,,-10.289782563338663,-15.8,-14.269609853331676,-21.6
401866417,2026,2,regular,2026-09-12T04:00:00.000Z,True,False,False,False,,3996,Yager Stadium,193,Miami (OH),fbs,Mid-American,,,,,,107,Holy Cross,fcs,Patriot,,,,,,,,,-3.1775534402591803,-3.4,,
401858442,2026,2,regular,2026-09-12T04:00:00.000Z,True,False,False,False,,3806,Lincoln Financial Field,218,Temple,fbs,American Athletic,,,,,,213,Penn State,fbs,Big Ten,,,,,,,,,-4.615399786530988,-5.1,13.108973426889438,18.1
401856782,2026,2,regular,2026-09-12T04:00:00.000Z,True,False,False,False,,3646,Boone Pickens Stadium,197,Oklahoma State,fbs,Big 12,,,,,,2483,Oregon,fbs,Big Ten,,,,,,,,,-9.962268999294146,-15.1,17.45461079235452,25.9
401856682,2026,2,regular,2026-09-12T04:00:00.000Z,True,False,False,False,,3910,DKR-Texas Memorial Stadium,251,Texas,fbs,SEC,,,,,,194,Ohio State,fbs,Big Ten,,,,,,,,,12.45207640875597,16.2,20.412432705449245,30.1
401858444,2026,2,regular,2026-09-12T04:00:00.000Z,True,False,False,False,,3892,Pratt & Whitney Stadium,41,UConn,fbs,FBS Independents,,,,,,120,Maryland,fbs,Big Ten,,,,,,,,,1.006537706152533,5.1,-1.4216318725694228,0.6
401856674,2026,2,regular,2026-09-12T04:00:00.000Z,True,False,False,True,,3683,Kroger Field,96,Kentucky,fbs,SEC,,,,,,333,Alabama,fbs,SEC,,,,,,,,,1.3204525927635191,1.8,12.012093054306495,14.8
401866415,2026,2,regular,2026-09-12T04:00:00.000Z,True,False,False,False,,3786,Kelly/Shorts Stadium,2117,Central Michigan,fbs,Mid-American,,,,,,2142,Colgate,fcs,Patriot,,,,,,,,,-8.277083807944111,-8.8,,
401858441,2026,2,regular,2026-09-12T04:00:00.000Z,True,False,False,False,,3834,"Memorial Stadium (Lincoln, NE)",158,Nebraska,fbs,Big Ten,,,,,,189,Bowling Green,fbs,Mid-American,,,,,,,,,4.303561685092163,6.2,-9.462107636422031,-12.6
401856810,2026,2,regular,2026-09-12T04:00:00.000Z,True,False,False,True,,3801,LaVell Edwards Stadium,252,BYU,fbs,Big 12,,,,,,12,Arizona,fbs,Big 12,,,,,,,,,10.789621328567566,15.9,7.403131754301907,12.0
401856683,2026,2,regular,2026-09-12T04:00:00.000Z,True,False,False,False,,3795,Kyle Field,245,Texas A&M,fbs,SEC,,,,,,9,Arizona State,fbs,Big 12,,,,,,,,,14.4280651487751,20.7,3.8983574163879062,3.9
401856783,2026,2,regular,2026-09-12T04:00:00.000Z,True,False,False,False,,3893,Reser Stadium,204,Oregon State,fbs,Pac-12,,,,,,2641,Texas Tech,fbs,Big 12,,,,,,,,,-9.86976662212677,-15.9,17.6991792937539,27.6
401864500,2026,2,regular,2026-09-12T04:00:00.000Z,True,False,False,False,,3816,Mackay Stadium,2440,Nevada,fbs,Mountain West,,,,,,147,Montana State,fcs,Big Sky,,,,,,,,,-9.108004380608008,-13.4,,
401858224,2026,2,regular,2026-09-12T04:00:00.000Z,True,False,False,False,,3907,Ross-Ade Stadium,2509,Purdue,fbs,Big Ten,,,,,,154,Wake Forest,fbs,ACC,,,,,,,,,-4.50813200195571,-6.1,1.9988560846284509,5.7
401866412,2026,2,regular,2026-09-12T04:00:00.000Z,True,False,False,False,,3768,InfoCision Stadium,2006,Akron,fbs,Mid-American,,,,,,2523,Robert Morris,fcs,NEC,,,,,,,,,-11.378692054665397,-13.9,,
401858222,2026,2,regular,2026-09-12T04:00:00.000Z,True,False,False,False,,3670,Carter-Finley Stadium,152,NC State,fbs,ACC,,,,,,257,Richmond,fcs,Patriot,,,,,,,,,4.379001235552232,4.8,,
401866414,2026,2,regular,2026-09-12T04:00:00.000Z,True,False,False,False,,2031,Pitbull Stadium,2229,Florida International,fbs,Conference USA,,,,,,2084,Buffalo,fbs,Mid-American,,,,,,,,,-7.42614803682515,-10.5,-6.622674488235944,-7.5
401856788,2026,2,regular,2026-09-12T04:00:00.000Z,True,False,False,False,,3793,Kinnick Stadium,2294,Iowa,fbs,Big Ten,,,,,,66,Iowa State,fbs,Big 12,,,,,,,,,12.63699576066072,19.7,6.0671843891579345,9.9
401858217,2026,2,regular,2026-09-12T04:00:00.000Z,True,False,False,False,,3832,"Memorial Stadium (Champaign, IL)",356,Illinois,fbs,Big Ten,,,,,,150,Duke,fbs,ACC,,,,,,,,,7.118538498166778,12.9,3.6816511094177145,6.6
401864506,2026,2,regular,2026-09-12T04:00:00.000Z,True,False,False,False,,3984,War Memorial Stadium,2751,Wyoming,fbs,Mountain West,,,,,,2458,Northern Colorado,fcs,Big Sky,,,,,,,,,-7.474915292494448,-11.3,,
401865252,2026,2,regular,2026-09-12T04:00:00.000Z,True,False,False,False,,3971,University Stadium (NM),167,New Mexico,fbs,Mountain West,,,,,,2385,Mercyhurst,fcs,NEC,,,,,,,,,-1.9330740047732964,0.9,,
401864502,2026,2,regular,2026-09-12T04:00:00.000Z,True,False,False,True,,3713,Falcon Stadium,2005,Air Force,fbs,Mountain West,,,,,,2449,North Dakota State,fbs,Mountain West,,,,,,,,,-3.230343283582089,-3.2,,
401856670,2026,2,regular,2026-09-12T04:00:00.000Z,True,False,False,False,,587,Rice-Eccles Stadium,254,Utah,fbs,Big 12,,,,,,8,Arkansas,fbs,SEC,,,,,,,,,13.988310372281004,22.2,3.600665259775413,5.1
401858440,2026,2,regular,2026-09-12T04:00:00.000Z,True,False,False,False,,3936,Spartan Stadium,127,Michigan State,fbs,Big Ten,,,,,,2199,Eastern Michigan,fbs,Mid-American,,,,,,,,,-0.9993838740226948,-3.4,-10.152992750332649,-14.7
401858216,2026,2,regular,2026-09-12T04:00:00.000Z,True,False,False,True,,1964,JMA Wireless Dome,183,Syracuse,fbs,ACC,,,,,,25,California,fbs,ACC,,,,,,,,,-8.795570216842233,-13.1,-2.956324887796351,-3.2
401862702,2026,2,regular,2026-09-12T04:00:00.000Z,True,False,False,True,,3841,Michie Stadium,349,Army,fbs,American Athletic,,,,,,58,South Florida,fbs,American Athletic,,,,,,,,,-2.316955389121835,0.8,8.882042757678047,11.6
401866416,2026,2,regular,2026-09-12T04:00:00.000Z,True,False,False,False,,3696,Dix Stadium,2309,Kent State,fbs,Mid-American,,,,,,2747,Wofford,fcs,Southern,,,,,,,,,-15.028327676365857,-19.3,,
401862703,2026,2,regular,2026-09-12T04:00:00.000Z,True,False,False,True,,3715,FAU Stadium,2226,Florida Atlantic,fbs,American Athletic,,,,,,2426,Navy,fbs,American Athletic,,,,,,,,,-7.954327133931199,-8.7,3.6151567164179106,6.2
401866413,2026,2,regular,2026-09-12T04:00:00.000Z,True,False,False,False,,3919,Scheumann Stadium,2050,Ball State,fbs,Mid-American,,,,,,2619,Stony Brook,fcs,CAA,,,,,,,,,-16.169764807426272,-23.0,,
401856679,2026,2,regular,2026-09-12T04:00:00.000Z,True,False,False,False,,3558,Michigan Stadium,130,Michigan,fbs,Big Ten,,,,,,201,Oklahoma,fbs,SEC,,,,,,,,,9.446327986321638,12.4,12.17713073595135,18.3
401866419,2026,2,regular,2026-09-12T04:00:00.000Z,True,False,False,False,,3739,Glass Bowl,2649,Toledo,fbs,Mid-American,,,,,,2115,Central Connecticut,fcs,NEC,,,,,,,,,4.035342090714397,6.0,,
401856684,2026,2,regular,2026-09-12T04:00:00.000Z,True,False,False,False,,3973,FirstBank Stadium,238,Vanderbilt,fbs,SEC,,,,,,48,Delaware,fbs,Conference USA,,,,,,,,,13.5246617202993,20.3,-8.569898735313854,-10.9
401859184,2026,2,regular,2026-09-12T04:00:00.000Z,True,False,False,False,,3855,Notre Dame Stadium,87,Notre Dame,fbs,FBS Independents,,,,,,242,Rice,fbs,American Athletic,,,,,,,,,18.48132325852264,24.4,-11.23273108593408,-14.8
401856676,2026,2,regular,2026-09-12T04:00:00.000Z,True,False,False,False,,3974,Vaught-Hemingway Stadium,145,Ole Miss,fbs,SEC,,,,,,2429,Charlotte,fbs,American Athletic,,,,,,,,,15.07976744095631,24.0,-17.345504478601242,-26.7
401856680,2026,2,regular,2026-09-12T04:00:00.000Z,True,False,False,False,,3994,Williams-Brice Stadium,2579,South Carolina,fbs,SEC,,,,,,119,Towson,fcs,CAA,,,,,,,,,5.815141074531684,5.9,,
401856786,2026,2,regular,2026-09-12T04:00:00.000Z,True,False,False,False,,3854,Nippert Stadium,2132,Cincinnati,fbs,Big 12,,,,,,2717,Western Carolina,fcs,Southern,,,,,,,,,2.670951635634245,4.5,,
401858223,2026,2,regular,2026-09-12T04:00:00.000Z,True,False,False,False,,3735,Gerald J. Ford Stadium,2567,SMU,fbs,ACC,,,,,,302,UC Davis,fcs,Big Sky,,,,,,,,,9.584944651382775,13.4,,
401864504,2026,2,regular,2026-09-12T04:00:00.000Z,True,False,False,False,,3935,CEFCU Stadium,23,San José State,fbs,Mountain West,,,,,,13,Cal Poly,fcs,Big Sky,,,,,,,,,-10.083470117202756,-14.3,,
401860883,2026,2,regular,2026-09-12T04:00:00.000Z,True,False,False,False,,3660,Valley Children's Stadium,278,Fresno State,fbs,Pac-12,,,,,,16,Sacramento State,fbs,Mid-American,,,,,,,,,-0.8459897998591692,1.8,,
401862705,2026,2,regular,2026-09-12T04:00:00.000Z,True,False,False,False,,3825,DATCU Stadium,249,North Texas,fbs,American Athletic,,,,,,2439,UNLV,fbs,Mountain West,,,,,,,,,7.273833165668625,13.8,1.663416426982159,4.3
401856678,2026,2,regular,2026-09-12T04:00:00.000Z,True,False,False,False,,3833,Memorial Stadium,2305,Kansas,fbs,Big 12,,,,,,142,Missouri,fbs,SEC,,,,,,,,,2.362685970496978,4.1,8.980910678143152,14.4
401858218,2026,2,regular,2026-09-12T04:00:00.000Z,True,False,False,False,,3787,Kenan Stadium,153,North Carolina,fbs,ACC,,,,,,2193,East Tennessee State,fcs,Southern,,,,,,,,,-4.9209574583406415,-6.6,,
401858219,2026,2,regular,2026-09-12T04:00:00.000Z,True,False,False,False,,3836,"Memorial Stadium (Clemson, SC)",228,Clemson,fbs,ACC,,,,,,290,Georgia Southern,fbs,Sun Belt,,,,,,,,,8.19128633697738,9.5,-5.754935314052298,-9.4
401856781,2026,2,regular,2026-09-12T04:00:00.000Z,True,False,False,False,,3636,Bill Snyder Family Stadium,2306,Kansas State,fbs,Big 12,,,,,,265,Washington State,fbs,Pac-12,,,,,,,,,5.543882663257685,7.0,1.0901117343902982,3.8
401858443,2026,2,regular,2026-09-12T04:00:00.000Z,True,False,False,False,,1056,Rose Bowl,26,UCLA,fbs,Big Ten,,,,,,21,San Diego State,fbs,Pac-12,,,,,,,,,-4.79368522529276,-8.7,3.0135965407925256,6.7
401864578,2026,2,regular,2026-09-12T04:00:00.000Z,True,False,False,False,,7220,Clarence T.C. Ching Athletics Complex,62,Hawai'i,fbs,Mountain West,,,,,,166,New Mexico State,fbs,Conference USA,,,,,,,,,-1.3547865732703483,1.7,-11.50934011383038,-15.5
401858221,2026,2,regular,2026-09-12T04:00:00.000Z,True,False,False,False,,3799,Lane Stadium,259,Virginia Tech,fbs,ACC,,,,,,295,Old Dominion,fbs,Sun Belt,,,,,,,,,-4.313755640950693,-10.1,3.9052060093975944,5.9
401866418,2026,2,regular,2026-09-12T04:00:00.000Z,True,False,False,False,,3876,Peden Stadium,195,Ohio,fbs,Mid-American,,,,,,55,Jacksonville State,fbs,Conference USA,,,,,,,,,-1.7270115905927574,-4.0,-4.07569743373152,-6.7
401860884,2026,2,regular,2026-09-12T04:00:00.000Z,True,False,False,False,,3644,Bobcat Stadium (TX),326,Texas State,fbs,Pac-12,,,,,,2636,UTSA,fbs,American Athletic,,,,,,,,,1.8173930819668864,2.3,3.509841263493014,3.7
401858225,2026,3,regular,2026-09-17T04:00:00.000Z,True,False,False,True,,3752,Acrisure Stadium,221,Pittsburgh,fbs,ACC,,,,,,183,Syracuse,fbs,ACC,,,,,,,,,5.696052770885623,8.4,-8.795570216842233,-13.1
401858226,2026,3,regular,2026-09-18T04:00:00.000Z,True,False,False,True,,3630,Allegacy Federal Credit Union Stadium,154,Wake Forest,fbs,ACC,,,,,,2390,Miami,fbs,ACC,,,,,,,,,1.9988560846284509,5.7,14.665351850528298,20.7
401856685,2026,3,regular,2026-09-19T04:00:00.000Z,True,False,False,False,,3657,Bryant-Denny Stadium,333,Alabama,fbs,SEC,,,,,,52,Florida State,fbs,ACC,,,,,,,,,12.012093054306495,14.8,4.530140271678208,7.2
401856812,2026,3,regular,2026-09-19T04:00:00.000Z,True,False,True,True,,2455,Wembley Stadium,9,Arizona State,fbs,Big 12,,,,,,2305,Kansas,fbs,Big 12,,,,,,,,,3.8983574163879062,3.9,2.362685970496978,4.1
401860888,2026,3,regular,2026-09-19T04:00:00.000Z,True,False,False,True,,3935,CEFCU Stadium,23,San José State,fbs,Mountain West,,,,,,278,Fresno State,fbs,Pac-12,,,,,,,,,-10.083470117202756,-14.3,-0.8459897998591692,1.8
401864507,2026,3,regular,2026-09-19T04:00:00.000Z,True,False,False,False,,3757,Hornet Stadium,16,Sacramento State,fbs,Mid-American,,,,,,2449,North Dakota State,fbs,Mountain West,,,,,,,,,,,,
401856793,2026,3,regular,2026-09-19T04:00:00.000Z,True,False,False,False,,3619,Arizona Stadium,12,Arizona,fbs,Big 12,,,,,,2459,Northern Illinois,fbs,Mountain West,,,,,,,,,7.403131754301907,12.0,-10.823582106411772,-16.7
401856801,2026,3,regular,2026-09-19T04:00:00.000Z,True,False,False,False,,587,Rice-Eccles Stadium,254,Utah,fbs,Big 12,,,,,,328,Utah State,fbs,Pac-12,,,,,,,,,13.988310372281004,22.2,-2.260534464630852,-3.1
401858450,2026,3,regular,2026-09-19T04:00:00.000Z,True,False,False,False,,3558,Michigan Stadium,130,Michigan,fbs,Big Ten,,,,,,2638,UTEP,fbs,Mountain West,,,,,,,,,9.446327986321638,12.4,-10.925472904729055,-17.5
401866424,2026,3,regular,2026-09-19T04:00:00.000Z,True,False,False,False,,3985,Warren McGuirk Alumni Stadium,113,Massachusetts,fbs,Mid-American,,,,,,284,Stonehill,fcs,NEC,,,,,,,,,-23.515507145934244,-36.6,,
401862772,2026,3,regular,2026-09-19T04:00:00.000Z,True,False,False,False,,3805,Simmons Bank Liberty Stadium,235,Memphis,fbs,American Athletic,,,,,,2630,UT Martin,fcs,Big South-OVC,,,,,,,,,2.836722465986789,7.6,,
401856803,2026,3,regular,2026-09-19T04:00:00.000Z,True,False,False,False,,3646,Boone Pickens Stadium,197,Oklahoma State,fbs,Big 12,,,,,,93,Murray State,fcs,MVFC,,,,,,,,,-9.962268999294146,-15.1,,
401862710,2026,3,regular,2026-09-19T04:00:00.000Z,True,False,False,False,,3918,S.B. Ballard Stadium,295,Old Dominion,fbs,Sun Belt,,,,,,151,East Carolina,fbs,American Athletic,,,,,,,,,3.9052060093975944,5.9,4.212568586525315,8.0
401862774,2026,3,regular,2026-09-19T04:00:00.000Z,True,False,False,False,,3739,Glass Bowl,2649,Toledo,fbs,Mid-American,,,,,,218,Temple,fbs,American Athletic,,,,,,,,,4.035342090714397,6.0,-4.615399786530988,-5.1
401856792,2026,3,regular,2026-09-19T04:00:00.000Z,True,False,False,False,,3636,Bill Snyder Family Stadium,2306,Kansas State,fbs,Big 12,,,,,,2655,Tulane,fbs,American Athletic,,,,,,,,,5.543882663257685,7.0,2.6787836041688293,6.3
401858449,2026,3,regular,2026-09-19T04:00:00.000Z,True,False,False,False,,3830,"Memorial Stadium (Bloomington, IN)",84,Indiana,fbs,Big Ten,,,,,,98,Western Kentucky,fbs,Conference USA,,,,,,,,,22.018965910520933,32.4,-2.1300282870469474,1.6
401862771,2026,3,regular,2026-09-19T04:00:00.000Z,True,False,False,False,,3715,FAU Stadium,2226,Florida Atlantic,fbs,American Athletic,,,,,,2229,Florida International,fbs,Conference USA,,,,,,,,,-7.954327133931199,-8.7,-7.42614803682515,-10.5
401856794,2026,3,regular,2026-09-19T04:00:00.000Z,True,False,False,False,,4727,McLane Stadium,239,Baylor,fbs,Big 12,,,,,,2348,Louisiana Tech,fbs,Conference USA,,,,,,,,,1.9959355568862849,1.4,-2.553970244421198,-1.3
401860887,2026,3,regular,2026-09-19T04:00:00.000Z,True,False,False,False,,7311,Snapdragon Stadium,21,San Diego State,fbs,Pac-12,,,,,,256,James Madison,fbs,Sun Belt,,,,,,,,,3.0135965407925256,6.7,8.632344875551244,12.3
401856800,2026,3,regular,2026-09-19T04:00:00.000Z,True,False,False,False,,3652,FBC Mortgage Stadium,2116,UCF,fbs,Big 12,,,,,,2247,Georgia State,fbs,Sun Belt,,,,,,,,,-1.101336881341057,-1.2,-14.156093782733494,-24.5
401856799,2026,3,regular,2026-09-19T04:00:00.000Z,True,False,False,False,,3616,Amon G. Carter Stadium,2628,TCU,fbs,Big 12,,,,,,2032,Arkansas State,fbs,Sun Belt,,,,,,,,,6.264575408872811,8.3,-6.130429393073119,-8.8
401856689,2026,3,regular,2026-09-19T04:00:00.000Z,True,False,False,False,,3838,Memorial Stadium,142,Missouri,fbs,SEC,,,,,,2653,Troy,fbs,Sun Belt,,,,,,,,,8.980910678143152,14.4,-4.368563544956454,-4.8
401861963,2026,3,regular,2026-09-19T04:00:00.000Z,True,False,False,False,,3815,M. M. Roberts Stadium,2572,Southern Miss,fbs,Sun Belt,,,,,,41,UConn,fbs,FBS Independents,,,,,,,,,-5.661274499075172,-7.1,1.006537706152533,5.1
401858227,2026,3,regular,2026-09-19T04:00:00.000Z,True,False,False,False,,3615,"Alumni Stadium (Chestnut Hill, MA)",103,Boston College,fbs,ACC,,,,,,311,Maine,fcs,CAA,,,,,,,,,-4.643531212630915,-8.5,,
401858459,2026,3,regular,2026-09-19T04:00:00.000Z,True,False,False,False,,3765,Husky Stadium,264,Washington,fbs,Big Ten,,,,,,331,Eastern Washington,fcs,Big Sky,,,,,,,,,11.414099047867792,18.4,,
401860886,2026,3,regular,2026-09-19T04:00:00.000Z,True,False,False,False,,3893,Reser Stadium,204,Oregon State,fbs,Pac-12,,,,,,149,Montana,fcs,Big Sky,,,,,,,,,-9.86976662212677,-15.9,,
401858455,2026,3,regular,2026-09-19T04:00:00.000Z,True,False,False,False,,3626,Autzen Stadium,2483,Oregon,fbs,Big Ten,,,,,,2502,Portland State,fcs,Big Sky,,,,,,,,,17.45461079235452,25.9,,
401856795,2026,3,regular,2026-09-19T04:00:00.000Z,True,False,False,False,,5388,Canvas Stadium,36,Colorado State,fbs,Pac-12,,,,,,252,BYU,fbs,Big 12,,,,,,,,,-10.358706746414548,-15.6,10.789621328567566,15.9
401856811,2026,3,regular,2026-09-19T04:00:00.000Z,True,False,False,True,,3784,Jones AT&T Stadium,2641,Texas Tech,fbs,Big 12,,,,,,248,Houston,fbs,Big 12,,,,,,,,,17.6991792937539,27.6,4.627377792543724,7.4
401862777,2026,3,regular,2026-09-19T04:00:00.000Z,True,False,False,False,,3886,Raymond James Stadium,58,South Florida,fbs,American Athletic,,,,,,2169,Delaware State,fcs,MEAC,,,,,,,,,8.882042757678047,11.6,,
401858452,2026,3,regular,2026-09-19T04:00:00.000Z,True,False,False,False,,3834,"Memorial Stadium (Lincoln, NE)",158,Nebraska,fbs,Big Ten,,,,,,155,North Dakota,fcs,MVFC,,,,,,,,,4.303561685092163,6.2,,
401860885,2026,3,regular,2026-09-19T04:00:00.000Z,True,False,False,False,,3653,Albertsons Stadium,68,Boise State,fbs,Pac-12,,,,,,233,South Dakota,fcs,MVFC,,,,,,,,,2.340264139698954,3.1,,
401860890,2026,3,regular,2026-09-19T04:00:00.000Z,True,False,False,False,,3820,Gesa Field,265,Washington State,fbs,Pac-12,,,,,,2184,Duquesne,fcs,NEC,,,,,,,,,1.0901117343902982,3.8,,
401858471,2026,3,regular,2026-09-19T04:00:00.000Z,True,False,False,False,,3793,Kinnick Stadium,2294,Iowa,fbs,Big Ten,,,,,,2460,Northern Iowa,fcs,MVFC,,,,,,,,,12.63699576066072,19.7,,
401858448,2026,3,regular,2026-09-19T04:00:00.000Z,True,False,False,False,,3832,"Memorial Stadium (Champaign, IL)",356,Illinois,fbs,Big Ten,,,,,,79,Southern Illinois,fcs,MVFC,,,,,,,,,7.118538498166778,12.9,,
401858233,2026,3,regular,2026-09-19T04:00:00.000Z,True,False,False,False,,3831,California Memorial Stadium,25,California,fbs,ACC,,,,,,2681,Wagner,fcs,NEC,,,,,,,,,-2.956324887796351,-3.2,,
401862776,2026,3,regular,2026-09-19T04:00:00.000Z,True,False,False,False,,3666,Cajun Field,309,Louisiana,fbs,Sun Belt,,,,,,5,UAB,fbs,American Athletic,,,,,,,,,-6.732852617373489,-10.1,-10.289782563338663,-15.8
401864574,2026,3,regular,2026-09-19T04:00:00.000Z,True,False,False,False,,3792,Kidd Brewer Stadium,2026,App State,fbs,Sun Belt,,,,,,2429,Charlotte,fbs,American Athletic,,,,,,,,,-9.186781488183936,-11.4,-17.345504478601242,-26.7
401860889,2026,3,regular,2026-09-19T04:00:00.000Z,True,False,False,False,,3644,Bobcat Stadium (TX),326,Texas State,fbs,Pac-12,,,,,,249,North Texas,fbs,American Athletic,,,,,,,,,1.8173930819668864,2.3,7.273833165668625,13.8
401856693,2026,3,regular,2026-09-19T04:00:00.000Z,True,False,False,False,,3910,DKR-Texas Memorial Stadium,251,Texas,fbs,SEC,,,,,,2636,UTSA,fbs,American Athletic,,,,,,,,,12.45207640875597,16.2,3.509841263493014,3.7
401862775,2026,3,regular,2026-09-19T04:00:00.000Z,True,False,False,False,,3674,Chapman Stadium,202,Tulsa,fbs,American Athletic,,,,,,2837,East Texas A&M,fcs,Southland,,,,,,,,,-7.809272050450313,-10.0,,
401858228,2026,3,regular,2026-09-19T04:00:00.000Z,True,False,False,False,,721,Bobby Dodd Stadium,59,Georgia Tech,fbs,ACC,,,,,,2382,Mercer,fcs,Southern,,,,,,,,,6.129344713647271,9.3,,
401858231,2026,3,regular,2026-09-19T04:00:00.000Z,True,False,False,True,,3982,Wallace Wade Stadium,150,Duke,fbs,ACC,,,,,,24,Stanford,fbs,ACC,,,,,,,,,3.6816511094177145,6.6,-6.298182172490354,-11.8
401856695,2026,3,regular,2026-09-19T04:00:00.000Z,True,False,False,False,,3973,FirstBank Stadium,238,Vanderbilt,fbs,SEC,,,,,,152,NC State,fbs,ACC,,,,,,,,,13.5246617202993,20.3,4.379001235552232,4.8
401858229,2026,3,regular,2026-09-19T04:00:00.000Z,True,False,False,True,,3836,"Memorial Stadium (Clemson, SC)",228,Clemson,fbs,ACC,,,,,,153,North Carolina,fbs,ACC,,,,,,,,,8.19128633697738,9.5,-4.9209574583406415,-6.6
401856802,2026,3,regular,2026-09-19T04:00:00.000Z,True,False,True,False,,3628,Bank of America Stadium,277,West Virginia,fbs,Big 12,,,,,,258,Virginia,fbs,ACC,,,,,,,,,-4.889941995131068,-6.8,5.907986460984766,11.1
401858232,2026,3,regular,2026-09-19T04:00:00.000Z,True,False,False,False,,3665,SECU Stadium,120,Maryland,fbs,Big Ten,,,,,,259,Virginia Tech,fbs,ACC,,,,,,,,,-1.4216318725694228,0.6,-4.313755640950693,-10.1
401858230,2026,3,regular,2026-09-19T04:00:00.000Z,True,False,False,True,,3873,L&N Federal Credit Union Stadium,97,Louisville,fbs,ACC,,,,,,2567,SMU,fbs,ACC,,,,,,,,,7.876000526356302,12.4,9.584944651382775,13.4
401856796,2026,3,regular,2026-09-19T04:00:00.000Z,True,False,False,False,,5960,Lanny and Sharon Martin Stadium,77,Northwestern,fbs,Big Ten,,,,,,38,Colorado,fbs,Big 12,,,,,,,,,3.57554342897739,5.8,-4.901429057985768,-8.3
401858457,2026,3,regular,2026-09-19T04:00:00.000Z,True,False,False,True,,6577,SHI Stadium,164,Rutgers,fbs,Big Ten,,,,,,30,USC,fbs,Big Ten,,,,,,,,,0.8955656809735639,1.0,12.012121211063716,16.9
401858453,2026,3,regular,2026-09-19T04:00:00.000Z,True,False,False,False,,3855,Notre Dame Stadium,87,Notre Dame,fbs,FBS Independents,,,,,,127,Michigan State,fbs,Big Ten,,,,,,,,,18.48132325852264,24.4,-0.9993838740226948,-3.4
401858458,2026,3,regular,2026-09-19T04:00:00.000Z,True,False,False,True,,1056,Rose Bowl,26,UCLA,fbs,Big Ten,,,,,,2509,Purdue,fbs,Big Ten,,,,,,,,,-4.79368522529276,-8.7,-4.50813200195571,-6.1
401856692,2026,3,regular,2026-09-19T04:00:00.000Z,True,False,False,False,,3853,Neyland Stadium,2633,Tennessee,fbs,SEC,,,,,,338,Kennesaw State,fbs,Conference USA,,,,,,,,,9.894871582442132,15.0,-5.736746851191715,-5.4
401856798,2026,3,regular,2026-09-19T04:00:00.000Z,True,False,False,False,,3772,Jack Trice Stadium,66,Iowa State,fbs,Big 12,,,,,,189,Bowling Green,fbs,Mid-American,,,,,,,,,6.0671843891579345,9.9,-9.462107636422031,-12.6
401856797,2026,3,regular,2026-09-19T04:00:00.000Z,True,False,False,False,,3854,Nippert Stadium,2132,Cincinnati,fbs,Big 12,,,,,,193,Miami (OH),fbs,Mid-American,,,,,,,,,2.670951635634245,4.5,-3.1775534402591803,-3.4
401866423,2026,3,regular,2026-09-19T04:00:00.000Z,True,False,False,False,,6526,Hancock Whitney Stadium,6,South Alabama,fbs,Sun Belt,,,,,,195,Ohio,fbs,Mid-American,,,,,,,,,-8.410054947972892,-12.7,-1.7270115905927574,-4.0
401858451,2026,3,regular,2026-09-19T04:00:00.000Z,True,False,False,False,,3953,Huntington Bank Stadium,135,Minnesota,fbs,Big Ten,,,,,,2006,Akron,fbs,Mid-American,,,,,,,,,0.8747571955119204,1.5,-11.378692054665397,-13.9
401866422,2026,3,regular,2026-09-19T04:00:00.000Z,True,False,False,False,,3992,Williams Stadium (VA),2335,Liberty,fbs,Conference USA,,,,,,2050,Ball State,fbs,Mid-American,,,,,,,,,-4.840072088346901,-9.0,-16.169764807426272,-23.0
401858456,2026,3,regular,2026-09-19T04:00:00.000Z,True,False,False,False,,3632,Beaver Stadium,213,Penn State,fbs,Big Ten,,,,,,2084,Buffalo,fbs,Mid-American,,,,,,,,,13.108973426889438,18.1,-6.622674488235944,-7.5
401858460,2026,3,regular,2026-09-19T04:00:00.000Z,True,False,False,False,,347,Camp Randall Stadium,275,Wisconsin,fbs,Big Ten,,,,,,2199,Eastern Michigan,fbs,Mid-American,,,,,,,,,-0.8877467159049215,-4.4,-10.152992750332649,-14.7
401858454,2026,3,regular,2026-09-19T04:00:00.000Z,True,False,False,False,,3861,Ohio Stadium,194,Ohio State,fbs,Big Ten,,,,,,2309,Kent State,fbs,Mid-American,,,,,,,,,20.412432705449245,30.1,-15.028327676365857,-19.3
401862773,2026,3,regular,2026-09-19T04:00:00.000Z,True,False,False,False,,3895,Rice Stadium,242,Rice,fbs,American Athletic,,,,,,2711,Western Michigan,fbs,Mid-American,,,,,,,,,-11.23273108593408,-14.8,-0.1835943338395365,-1.4
401856690,2026,3,regular,2026-09-19T04:00:00.000Z,True,False,False,False,,3835,"Memorial Stadium (Norman, OK)",201,Oklahoma,fbs,SEC,,,,,,167,New Mexico,fbs,Mountain West,,,,,,,,,12.17713073595135,18.3,-1.9330740047732964,0.9
401864443,2026,3,regular,2026-09-19T04:00:00.000Z,True,False,False,False,,3725,"Johnny ""Red"" Floyd Stadium",2393,Middle Tennessee,fbs,Conference USA,,,,,,2440,Nevada,fbs,Mountain West,,,,,,,,,-10.640173629621511,-16.0,-9.108004380608008,-13.4
401864508,2026,3,regular,2026-09-19T04:00:00.000Z,True,False,False,False,,3786,Kelly/Shorts Stadium,2117,Central Michigan,fbs,Mid-American,,,,,,2751,Wyoming,fbs,Mountain West,,,,,,,,,-8.277083807944111,-8.8,-7.474915292494448,-11.3
401856687,2026,3,regular,2026-09-19T04:00:00.000Z,True,False,False,True,,3785,Jordan-Hare Stadium,2,Auburn,fbs,SEC,,,,,,57,Florida,fbs,SEC,,,,,,,,,7.453457920925981,11.6,4.277491963455242,3.5
401856686,2026,3,regular,2026-09-19T04:00:00.000Z,True,False,False,True,,3887,Razorback Stadium,8,Arkansas,fbs,SEC,,,,,,61,Georgia,fbs,SEC,,,,,,,,,3.600665259775413,5.1,16.8327411286464,24.1
401856694,2026,3,regular,2026-09-19T04:00:00.000Z,True,False,False,True,,3795,Kyle Field,245,Texas A&M,fbs,SEC,,,,,,96,Kentucky,fbs,SEC,,,,,,,,,14.4280651487751,20.7,1.3204525927635191,1.8
401856688,2026,3,regular,2026-09-19T04:00:00.000Z,True,False,False,True,,3974,Vaught-Hemingway Stadium,145,Ole Miss,fbs,SEC,,,,,,99,LSU,fbs,SEC,,,,,,,,,15.07976744095631,24.0,7.929507674598161,10.3
401856691,2026,3,regular,2026-09-19T04:00:00.000Z,True,False,False,True,,3994,Williams-Brice Stadium,2579,South Carolina,fbs,SEC,,,,,,344,Mississippi State,fbs,SEC,,,,,,,,,5.815141074531684,5.9,2.1111812540588133,4.1
401862778,2026,4,regular,2026-09-25T04:00:00.000Z,True,False,False,True,,7221,Protective Stadium,5,UAB,fbs,American Athletic,,,,,,2426,Navy,fbs,American Athletic,,,,,,,,,-10.289782563338663,-15.8,3.6151567164179106,6.2
401858234,2026,4,regular,2026-09-25T04:00:00.000Z,True,False,False,True,,3831,California Memorial Stadium,25,California,fbs,ACC,,,,,,228,Clemson,fbs,ACC,,,,,,,,,-2.956324887796351,-3.2,8.19128633697738,9.5
401858464,2026,4,regular,2026-09-26T04:00:00.000Z,True,False,False,True,,3936,Spartan Stadium,127,Michigan State,fbs,Big Ten,,,,,,158,Nebraska,fbs,Big Ten,,,,,,,,,-0.9993838740226948,-3.4,4.303561685092163,6.2
401858465,2026,4,regular,2026-09-26T04:00:00.000Z,True,False,False,True,,3861,Ohio Stadium,194,Ohio State,fbs,Big Ten,,,,,,356,Illinois,fbs,Big Ten,,,,,,,,,20.412432705449245,30.1,7.118538498166778,12.9
401864511,2026,4,regular,2026-09-26T04:00:00.000Z,True,False,False,False,,4246,Center Parc Stadium,2247,Georgia State,fbs,Sun Belt,,,,,,2459,Northern Illinois,fbs,Mountain West,,,,,,,,,-14.156093782733494,-24.5,-10.823582106411772,-16.7
401864510,2026,4,regular,2026-09-26T04:00:00.000Z,True,False,False,True,,3984,War Memorial Stadium,2751,Wyoming,fbs,Mountain West,,,,,,62,Hawai'i,fbs,Mountain West,,,,,,,,,-7.474915292494448,-11.3,-1.3547865732703483,1.7
401866427,2026,4,regular,2026-09-26T04:00:00.000Z,True,False,False,False,,3912,Rynearson Stadium,2199,Eastern Michigan,fbs,Mid-American,,,,,,2815,Lindenwood,fcs,Big South-OVC,,,,,,,,,-10.152992750332649,-14.7,,
401864579,2026,4,regular,2026-09-26T04:00:00.000Z,True,False,False,False,,3601,Aggie Memorial Stadium,166,New Mexico State,fbs,Conference USA,,,,,,167,New Mexico,fbs,Mountain West,,,,,,,,,-11.50934011383038,-15.5,-1.9330740047732964,0.9
401858241,2026,4,regular,2026-09-26T04:00:00.000Z,True,False,False,False,,3735,Gerald J. Ford Stadium,2567,SMU,fbs,ACC,,,,,,2623,Missouri State,fbs,Conference USA,,,,,,,,,9.584944651382775,13.4,-7.787267386131739,-10.7
401860897,2026,4,regular,2026-09-26T04:00:00.000Z,True,False,False,False,,3980,Waldo Stadium,2711,Western Michigan,fbs,Mid-American,,,,,,68,Boise State,fbs,Pac-12,,,,,,,,,-0.1835943338395365,-1.4,2.340264139698954,3.1
401858239,2026,4,regular,2026-09-26T04:00:00.000Z,True,False,False,False,,3923,Scott Stadium,258,Virginia,fbs,ACC,,,,,,48,Delaware,fbs,Conference USA,,,,,,,,,5.907986460984766,11.1,-8.569898735313854,-10.9
401866429,2026,4,regular,2026-09-26T04:00:00.000Z,True,False,False,True,,3757,Hornet Stadium,16,Sacramento State,fbs,Mid-American,,,,,,113,Massachusetts,fbs,Mid-American,,,,,,,,,,,-23.515507145934244,-36.6
401858462,2026,4,regular,2026-09-26T04:00:00.000Z,True,False,False,True,,3665,SECU Stadium,120,Maryland,fbs,Big Ten,,,,,,26,UCLA,fbs,Big Ten,,,,,,,,,-1.4216318725694228,0.6,-4.79368522529276,-8.7
401858469,2026,4,regular,2026-09-26T04:00:00.000Z,True,False,False,True,,477,Los Angeles Memorial Coliseum,30,USC,fbs,Big Ten,,,,,,2483,Oregon,fbs,Big Ten,,,,,,,,,12.012121211063716,16.9,17.45461079235452,25.9
401856816,2026,4,regular,2026-09-26T04:00:00.000Z,True,False,False,True,,3772,Jack Trice Stadium,66,Iowa State,fbs,Big 12,,,,,,254,Utah,fbs,Big 12,,,,,,,,,6.0671843891579345,9.9,13.988310372281004,22.2
401856699,2026,4,regular,2026-09-26T04:00:00.000Z,True,False,False,True,,3634,Ben Hill Griffin Stadium,57,Florida,fbs,SEC,,,,,,145,Ole Miss,fbs,SEC,,,,,,,,,4.277491963455242,3.5,15.07976744095631,24.0
401860894,2026,4,regular,2026-09-26T04:00:00.000Z,True,False,False,False,,3905,Maverik Stadium,328,Utah State,fbs,Pac-12,,,,,,2653,Troy,fbs,Sun Belt,,,,,,,,,-2.260534464630852,-3.1,-4.368563544956454,-4.8
401856881,2026,4,regular,2026-09-26T04:00:00.000Z,True,False,False,True,,3842,Milan Puskar Stadium,277,West Virginia,fbs,Big 12,,,,,,197,Oklahoma State,fbs,Big 12,,,,,,,,,-4.889941995131068,-6.8,-9.962268999294146,-15.1
401856806,2026,4,regular,2026-09-26T04:00:00.000Z,True,False,False,False,,3608,Allen E. Paulson Stadium,290,Georgia Southern,fbs,Sun Belt,,,,,,248,Houston,fbs,Big 12,,,,,,,,,-5.754935314052298,-9.4,4.627377792543724,7.4
401856813,2026,4,regular,2026-09-26T04:00:00.000Z,True,False,False,True,,4727,McLane Stadium,239,Baylor,fbs,Big 12,,,,,,38,Colorado,fbs,Big 12,,,,,,,,,1.9959355568862849,1.4,-4.901429057985768,-8.3
401862784,2026,4,regular,2026-09-26T04:00:00.000Z,True,False,False,False,,4729,Yulman Stadium,2655,Tulane,fbs,American Athletic,,,,,,2572,Southern Miss,fbs,Sun Belt,,,,,,,,,2.6787836041688293,6.3,-5.661274499075172,-7.1
401866428,2026,4,regular,2026-09-26T04:00:00.000Z,True,False,False,False,,3876,Peden Stadium,195,Ohio,fbs,Mid-American,,,,,,284,Stonehill,fcs,NEC,,,,,,,,,-1.7270115905927574,-4.0,,
401856804,2026,4,regular,2026-09-26T04:00:00.000Z,True,False,False,False,,3820,Gesa Field,265,Washington State,fbs,Pac-12,,,,,,12,Arizona,fbs,Big 12,,,,,,,,,1.0901117343902982,3.8,7.403131754301907,12.0
401858468,2026,4,regular,2026-09-26T04:00:00.000Z,True,False,False,False,,6577,SHI Stadium,164,Rutgers,fbs,Big Ten,,,,,,47,Howard,fcs,MEAC,,,,,,,,,0.8955656809735639,1.0,,
401861970,2026,4,regular,2026-09-26T04:00:00.000Z,True,False,False,False,,3996,Yager Stadium,193,Miami (OH),fbs,Mid-American,,,,,,41,UConn,fbs,FBS Independents,,,,,,,,,-3.1775534402591803,-3.4,1.006537706152533,5.1
401856700,2026,4,regular,2026-09-26T04:00:00.000Z,True,False,False,True,,3917,Sanford Stadium,61,Georgia,fbs,SEC,,,,,,201,Oklahoma,fbs,SEC,,,,,,,,,16.8327411286464,24.1,12.17713073595135,18.3
401862781,2026,4,regular,2026-09-26T04:00:00.000Z,True,False,False,False,,3699,Dowdy-Ficklen Stadium,151,East Carolina,fbs,American Athletic,,,,,,2428,North Carolina Central,fcs,MEAC,,,,,,,,,4.212568586525315,8.0,,
401856698,2026,4,regular,2026-09-26T04:00:00.000Z,True,False,False,True,,3785,Jordan-Hare Stadium,2,Auburn,fbs,SEC,,,,,,238,Vanderbilt,fbs,SEC,,,,,,,,,7.453457920925981,11.6,13.5246617202993,20.3
401862780,2026,4,regular,2026-09-26T04:00:00.000Z,True,False,False,False,,4418,Jerry Richardson Stadium,2429,Charlotte,fbs,American Athletic,,,,,,309,Louisiana,fbs,Sun Belt,,,,,,,,,-17.345504478601242,-26.7,-6.732852617373489,-10.1
401856701,2026,4,regular,2026-09-26T04:00:00.000Z,True,False,False,False,,3683,Kroger Field,96,Kentucky,fbs,SEC,,,,,,6,South Alabama,fbs,Sun Belt,,,,,,,,,1.3204525927635191,1.8,-8.410054947972892,-12.7
401860895,2026,4,regular,2026-09-26T04:00:00.000Z,True,False,False,False,,3946,Sun Bowl,2638,UTEP,fbs,Mountain West,,,,,,204,Oregon State,fbs,Pac-12,,,,,,,,,-10.925472904729055,-17.5,-9.86976662212677,-15.9
401862785,2026,4,regular,2026-09-26T04:00:00.000Z,True,False,False,False,,3700,Doyt L. Perry Stadium,189,Bowling Green,fbs,Mid-American,,,,,,58,South Florida,fbs,American Athletic,,,,,,,,,-9.462107636422031,-12.6,8.882042757678047,11.6
401856697,2026,4,regular,2026-09-26T04:00:00.000Z,True,False,False,False,,3887,Razorback Stadium,8,Arkansas,fbs,SEC,,,,,,202,Tulsa,fbs,American Athletic,,,,,,,,,3.600665259775413,5.1,-7.809272050450313,-10.0
401856702,2026,4,regular,2026-09-26T04:00:00.000Z,True,False,False,True,,3958,Tiger Stadium (LA),99,LSU,fbs,SEC,,,,,,245,Texas A&M,fbs,SEC,,,,,,,,,7.929507674598161,10.3,14.4280651487751,20.7
401856696,2026,4,regular,2026-09-26T04:00:00.000Z,True,False,False,True,,3657,Bryant-Denny Stadium,333,Alabama,fbs,SEC,,,,,,2579,South Carolina,fbs,SEC,,,,,,,,,12.012093054306495,14.8,5.815141074531684,5.9
401858235,2026,4,regular,2026-09-26T04:00:00.000Z,True,False,False,False,,3670,Carter-Finley Stadium,152,NC State,fbs,ACC,,,,,,2026,App State,fbs,Sun Belt,,,,,,,,,4.379001235552232,4.8,-9.186781488183936,-11.4
401860896,2026,4,regular,2026-09-26T04:00:00.000Z,True,False,False,False,,3604,Alamodome,2636,UTSA,fbs,American Athletic,,,,,,36,Colorado State,fbs,Pac-12,,,,,,,,,3.509841263493014,3.7,-10.358706746414548,-15.6
401862782,2026,4,regular,2026-09-26T04:00:00.000Z,True,False,False,False,,3817,Malone Stadium,2433,UL Monroe,fbs,Sun Belt,,,,,,2226,Florida Atlantic,fbs,American Athletic,,,,,,,,,-14.269609853331676,-21.6,-7.954327133931199,-8.7
401856703,2026,4,regular,2026-09-26T04:00:00.000Z,True,False,False,True,,3693,Davis Wade Stadium,344,Mississippi State,fbs,SEC,,,,,,142,Missouri,fbs,SEC,,,,,,,,,2.1111812540588133,4.1,8.980910678143152,14.4
401858242,2026,4,regular,2026-09-26T04:00:00.000Z,True,False,False,True,,3615,"Alumni Stadium (Chestnut Hill, MA)",103,Boston College,fbs,ACC,,,,,,259,Virginia Tech,fbs,ACC,,,,,,,,,-4.643531212630915,-8.5,-4.313755640950693,-10.1
401866425,2026,4,regular,2026-09-26T04:00:00.000Z,True,False,False,True,,3696,Dix Stadium,2309,Kent State,fbs,Mid-American,,,,,,2050,Ball State,fbs,Mid-American,,,,,,,,,-15.028327676365857,-19.3,-16.169764807426272,-23.0
401866426,2026,4,regular,2026-09-26T04:00:00.000Z,True,False,False,False,,3965,UB Stadium,2084,Buffalo,fbs,Mid-American,,,,,,2523,Robert Morris,fcs,NEC,,,,,,,,,-6.622674488235944,-7.5,,
401858244,2026,4,regular,2026-09-26T04:00:00.000Z,True,False,False,False,,3982,Wallace Wade Stadium,150,Duke,fbs,ACC,,,,,,2729,William & Mary,fcs,CAA,,,,,,,,,3.6816511094177145,6.6,,
401858467,2026,4,regular,2026-09-26T04:00:00.000Z,True,False,False,False,,3907,Ross-Ade Stadium,2509,Purdue,fbs,Big Ten,,,,,,87,Notre Dame,fbs,FBS Independents,,,,,,,,,-4.50813200195571,-6.1,18.48132325852264,24.4
401860891,2026,4,regular,2026-09-26T04:00:00.000Z,True,False,False,False,,3660,Valley Children's Stadium,278,Fresno State,fbs,Pac-12,,,,,,242,Rice,fbs,American Athletic,,,,,,,,,-0.8459897998591692,1.8,-11.23273108593408,-14.8
401858470,2026,4,regular,2026-09-26T04:00:00.000Z,True,False,False,True,,3765,Husky Stadium,264,Washington,fbs,Big Ten,,,,,,135,Minnesota,fbs,Big Ten,,,,,,,,,11.414099047867792,18.4,0.8747571955119204,1.5
401858238,2026,4,regular,2026-09-26T04:00:00.000Z,True,False,False,False,,3948,Hard Rock Stadium,2390,Miami,fbs,ACC,,,,,,2117,Central Michigan,fbs,Mid-American,,,,,,,,,14.665351850528298,20.7,-8.277083807944111,-8.8
401858466,2026,4,regular,2026-09-26T04:00:00.000Z,True,False,False,True,,3632,Beaver Stadium,213,Penn State,fbs,Big Ten,,,,,,275,Wisconsin,fbs,Big Ten,,,,,,,,,13.108973426889438,18.1,-0.8877467159049215,-4.4
401856815,2026,4,regular,2026-09-26T04:00:00.000Z,True,False,False,True,,3652,FBC Mortgage Stadium,2116,UCF,fbs,Big 12,,,,,,2628,TCU,fbs,Big 12,,,,,,,,,-1.101336881341057,-1.2,6.264575408872811,8.3
401860893,2026,4,regular,2026-09-26T04:00:00.000Z,True,False,False,False,,3739,Glass Bowl,2649,Toledo,fbs,Mid-American,,,,,,21,San Diego State,fbs,Pac-12,,,,,,,,,4.035342090714397,6.0,3.0135965407925256,6.7
401858461,2026,4,regular,2026-09-26T04:00:00.000Z,True,False,False,True,,3830,"Memorial Stadium (Bloomington, IN)",84,Indiana,fbs,Big Ten,,,,,,77,Northwestern,fbs,Big Ten,,,,,,,,,22.018965910520933,32.4,3.57554342897739,5.8
401856805,2026,4,regular,2026-09-26T04:00:00.000Z,True,False,False,False,,3784,Jones AT&T Stadium,2641,Texas Tech,fbs,Big 12,,,,,,2534,Sam Houston,fbs,Conference USA,,,,,,,,,17.6991792937539,27.6,-17.334253743953486,-27.8
401856704,2026,4,regular,2026-09-26T04:00:00.000Z,True,False,False,True,,3853,Neyland Stadium,2633,Tennessee,fbs,SEC,,,,,,251,Texas,fbs,SEC,,,,,,,,,9.894871582442132,15.0,12.45207640875597,16.2
401858243,2026,4,regular,2026-09-26T04:00:00.000Z,True,False,False,True,,3873,L&N Federal Credit Union Stadium,97,Louisville,fbs,ACC,,,,,,154,Wake Forest,fbs,ACC,,,,,,,,,7.876000526356302,12.4,1.9988560846284509,5.7
401862783,2026,4,regular,2026-09-26T04:00:00.000Z,True,False,False,False,,3825,DATCU Stadium,249,North Texas,fbs,American Athletic,,,,,,2277,Houston Christian,fcs,Southland,,,,,,,,,7.273833165668625,13.8,,
401860892,2026,4,regular,2026-09-26T04:00:00.000Z,True,False,False,False,,3644,Bobcat Stadium (TX),326,Texas State,fbs,Pac-12,,,,,,2916,Incarnate Word,fcs,Southland,,,,,,,,,1.8173930819668864,2.3,,
401856814,2026,4,regular,2026-09-26T04:00:00.000Z,True,False,False,True,,3854,Nippert Stadium,2132,Cincinnati,fbs,Big 12,,,,,,2306,Kansas State,fbs,Big 12,,,,,,,,,2.670951635634245,4.5,5.543882663257685,7.0
401858463,2026,4,regular,2026-09-26T04:00:00.000Z,True,False,False,True,,3558,Michigan Stadium,130,Michigan,fbs,Big Ten,,,,,,2294,Iowa,fbs,Big Ten,,,,,,,,,9.446327986321638,12.4,12.63699576066072,19.7
401862779,2026,4,regular,2026-09-26T04:00:00.000Z,True,False,False,True,,3806,Lincoln Financial Field,218,Temple,fbs,American Athletic,,,,,,349,Army,fbs,American Athletic,,,,,,,,,-4.615399786530988,-5.1,-2.316955389121835,0.8
401864512,2026,4,regular,2026-09-26T04:00:00.000Z,True,False,False,False,,3768,InfoCision Stadium,2006,Akron,fbs,Mid-American,,,,,,2439,UNLV,fbs,Mountain West,,,,,,,,,-11.378692054665397,-13.9,1.663416426982159,4.3
401864509,2026,4,regular,2026-09-26T04:00:00.000Z,True,False,False,True,,3816,Mackay Stadium,2440,Nevada,fbs,Mountain West,,,,,,2005,Air Force,fbs,Mountain West,,,,,,,,,-9.108004380608008,-13.4,-3.230343283582089,-3.2
401858237,2026,4,regular,2026-09-26T04:00:00.000Z,True,False,False,False,,3697,Doak Campbell Stadium,52,Florida State,fbs,ACC,,,,,,2110,Central Arkansas,fcs,UAC,,,,,,,,,4.530140271678208,7.2,,
401858236,2026,4,regular,2026-09-26T04:00:00.000Z,True,False,False,False,,3752,Acrisure Stadium,221,Pittsburgh,fbs,ACC,,,,,,2083,Bucknell,fcs,Patriot,,,,,,,,,5.696052770885623,8.4,,
401858240,2026,4,regular,2026-09-26T04:00:00.000Z,True,False,False,True,,3940,Stanford Stadium,24,Stanford,fbs,ACC,,,,,,59,Georgia Tech,fbs,ACC,,,,,,,,,-6.298182172490354,-11.8,6.129344713647271,9.3
401862786,2026,5,regular,2026-10-01T04:00:00.000Z,True,False,False,True,,3674,Chapman Stadium,202,Tulsa,fbs,American Athletic,,,,,,249,North Texas,fbs,American Athletic,,,,,,,,,-7.809272050450313,-10.0,7.273833165668625,13.8
401858245,2026,5,regular,2026-10-02T04:00:00.000Z,True,False,False,True,,3799,Lane Stadium,259,Virginia Tech,fbs,ACC,,,,,,221,Pittsburgh,fbs,ACC,,,,,,,,,-4.313755640950693,-10.1,5.696052770885623,8.4
401858476,2026,5,regular,2026-10-02T04:00:00.000Z,True,False,True,True,,11823,Ryan Field,77,Northwestern,fbs,Big Ten,,,,,,213,Penn State,fbs,Big Ten,,,,,,,,,3.57554342897739,5.8,13.108973426889438,18.1
401862789,2026,5,regular,2026-10-03T04:00:00.000Z,True,False,False,False,,3776,Joe Aillet Stadium,2348,Louisiana Tech,fbs,Conference USA,,,,,,349,Army,fbs,American Athletic,,,,,,,,,-2.553970244421198,-1.3,-2.316955389121835,0.8
401860900,2026,5,regular,2026-10-03T04:00:00.000Z,True,False,False,False,,7311,Snapdragon Stadium,21,San Diego State,fbs,Pac-12,,,,,,326,Texas State,fbs,Pac-12,,,,,,,,,3.0135965407925256,6.7,1.8173930819668864,2.3
401864513,2026,5,regular,2026-10-03T04:00:00.000Z,True,False,False,True,,7220,Clarence T.C. Ching Athletics Complex,62,Hawai'i,fbs,Mountain West,,,,,,23,San José State,fbs,Mountain West,,,,,,,,,-1.3547865732703483,1.7,-10.083470117202756,-14.3
401862793,2026,5,regular,2026-10-03T04:00:00.000Z,True,False,False,False,,7221,Protective Stadium,5,UAB,fbs,American Athletic,,,,,,2535,Samford,fcs,Southern,,,,,,,,,-10.289782563338663,-15.8,,
401858474,2026,5,regular,2026-10-03T04:00:00.000Z,True,False,False,True,,3953,Huntington Bank Stadium,135,Minnesota,fbs,Big Ten,,,,,,130,Michigan,fbs,Big Ten,,,,,,,,,0.8747571955119204,1.5,9.446327986321638,12.4
401858251,2026,5,regular,2026-10-03T04:00:00.000Z,True,False,False,True,,3630,Allegacy Federal Credit Union Stadium,154,Wake Forest,fbs,ACC,,,,,,24,Stanford,fbs,ACC,,,,,,,,,1.9988560846284509,5.7,-6.298182172490354,-11.8
401860921,2026,5,regular,2026-10-03T04:00:00.000Z,True,False,False,False,,3820,Gesa Field,265,Washington State,fbs,Pac-12,,,,,,278,Fresno State,fbs,Pac-12,,,,,,,,Will be played Oct. 2 or Oct. 3,1.0901117343902982,3.8,-0.8459897998591692,1.8
401856817,2026,5,regular,2026-10-03T04:00:00.000Z,True,False,False,True,,3947,Mountain America Stadium,9,Arizona State,fbs,Big 12,,,,,,239,Baylor,fbs,Big 12,,,,,,,,,3.8983574163879062,3.9,1.9959355568862849,1.4
401866434,2026,5,regular,2026-10-03T04:00:00.000Z,True,False,False,True,,3696,Dix Stadium,2309,Kent State,fbs,Mid-American,,,,,,195,Ohio,fbs,Mid-American,,,,,,,,,-15.028327676365857,-19.3,-1.7270115905927574,-4.0
401858478,2026,5,regular,2026-10-03T04:00:00.000Z,True,False,False,True,,477,Los Angeles Memorial Coliseum,30,USC,fbs,Big Ten,,,,,,264,Washington,fbs,Big Ten,,,,,,,,,12.012121211063716,16.9,11.414099047867792,18.4
401858247,2026,5,regular,2026-10-03T04:00:00.000Z,True,False,False,False,,6501,Allegiant Stadium,2439,UNLV,fbs,Mountain West,,,,,,25,California,fbs,ACC,,,,,,,,,1.663416426982159,4.3,-2.956324887796351,-3.2
401856708,2026,5,regular,2026-10-03T04:00:00.000Z,True,False,False,True,,3838,Memorial Stadium,142,Missouri,fbs,SEC,,,,,,57,Florida,fbs,SEC,,,,,,,,,8.980910678143152,14.4,4.277491963455242,3.5
401864515,2026,5,regular,2026-10-03T04:00:00.000Z,True,False,False,True,,3714,Fargodome,2449,North Dakota State,fbs,Mountain West,,,,,,2751,Wyoming,fbs,Mountain West,,,,,,,,,,,-7.474915292494448,-11.3
401862791,2026,5,regular,2026-10-03T04:00:00.000Z,True,False,False,False,,3713,Falcon Stadium,2005,Air Force,fbs,Mountain West,,,,,,2426,Navy,fbs,American Athletic,,,,,,,,,-3.230343283582089,-3.2,3.6151567164179106,6.2
401862790,2026,5,regular,2026-10-03T04:00:00.000Z,True,False,False,False,,3715,FAU Stadium,2226,Florida Atlantic,fbs,American Athletic,,,,,,2640,Texas Southern,fcs,SWAC,,,,,,,,,-7.954327133931199,-8.7,,
401862788,2026,5,regular,2026-10-03T04:00:00.000Z,True,False,False,True,,3895,Rice Stadium,242,Rice,fbs,American Athletic,,,,,,2636,UTSA,fbs,American Athletic,,,,,,,,,-11.23273108593408,-14.8,3.509841263493014,3.7
401856818,2026,5,regular,2026-10-03T04:00:00.000Z,True,False,False,True,,3616,Amon G. Carter Stadium,2628,TCU,fbs,Big 12,,,,,,252,BYU,fbs,Big 12,,,,,,,,,6.264575408872811,8.3,10.789621328567566,15.9
401862792,2026,5,regular,2026-10-03T04:00:00.000Z,True,False,False,True,,3886,Raymond James Stadium,58,South Florida,fbs,American Athletic,,,,,,218,Temple,fbs,American Athletic,,,,,,,,,8.882042757678047,11.6,-4.615399786530988,-5.1
401856710,2026,5,regular,2026-10-03T04:00:00.000Z,True,False,False,True,,3853,Neyland Stadium,2633,Tennessee,fbs,SEC,,,,,,2,Auburn,fbs,SEC,,,,,,,,,9.894871582442132,15.0,7.453457920925981,11.6
401858249,2026,5,regular,2026-10-03T04:00:00.000Z,True,False,False,True,,3836,"Memorial Stadium (Clemson, SC)",228,Clemson,fbs,ACC,,,,,,2390,Miami,fbs,ACC,,,,,,,,,8.19128633697738,9.5,14.665351850528298,20.7
401866431,2026,5,regular,2026-10-03T04:00:00.000Z,True,False,False,True,,3919,Scheumann Stadium,2050,Ball State,fbs,Mid-American,,,,,,2649,Toledo,fbs,Mid-American,,,,,,,,,-16.169764807426272,-23.0,4.035342090714397,6.0
401856822,2026,5,regular,2026-10-03T04:00:00.000Z,True,False,False,True,,3772,Jack Trice Stadium,66,Iowa State,fbs,Big 12,,,,,,277,West Virginia,fbs,Big 12,,,,,,,,,6.0671843891579345,9.9,-4.889941995131068,-6.8
401856820,2026,5,regular,2026-10-03T04:00:00.000Z,True,False,False,True,,3619,Arizona Stadium,12,Arizona,fbs,Big 12,,,,,,2132,Cincinnati,fbs,Big 12,,,,,,,,,7.403131754301907,12.0,2.670951635634245,4.5
401858252,2026,5,regular,2026-10-03T04:00:00.000Z,True,False,False,False,,3892,Pratt & Whitney Stadium,41,UConn,fbs,FBS Independents,,,,,,183,Syracuse,fbs,ACC,,,,,,,,,1.006537706152533,5.1,-8.795570216842233,-13.1
401858472,2026,5,regular,2026-10-03T04:00:00.000Z,True,False,False,True,,3832,"Memorial Stadium (Champaign, IL)",356,Illinois,fbs,Big Ten,,,,,,2509,Purdue,fbs,Big Ten,,,,,,,,,7.118538498166778,12.9,-4.50813200195571,-6.1
401866430,2026,5,regular,2026-10-03T04:00:00.000Z,True,False,False,True,,3786,Kelly/Shorts Stadium,2117,Central Michigan,fbs,Mid-American,,,,,,2006,Akron,fbs,Mid-American,,,,,,,,,-8.277083807944111,-8.8,-11.378692054665397,-13.9
401858473,2026,5,regular,2026-10-03T04:00:00.000Z,True,False,False,True,,3793,Kinnick Stadium,2294,Iowa,fbs,Big Ten,,,,,,194,Ohio State,fbs,Big Ten,,,,,,,,,12.63699576066072,19.7,20.412432705449245,30.1
401856821,2026,5,regular,2026-10-03T04:00:00.000Z,True,False,False,True,,3726,Folsom Field,38,Colorado,fbs,Big 12,,,,,,2641,Texas Tech,fbs,Big 12,,,,,,,,,-4.901429057985768,-8.3,17.6991792937539,27.6
401866433,2026,5,regular,2026-10-03T04:00:00.000Z,True,False,False,True,,3985,Warren McGuirk Alumni Stadium,113,Massachusetts,fbs,Mid-American,,,,,,2199,Eastern Michigan,fbs,Mid-American,,,,,,,,,-23.515507145934244,-36.6,-10.152992750332649,-14.7
401858475,2026,5,regular,2026-10-03T04:00:00.000Z,True,False,False,True,,3834,"Memorial Stadium (Lincoln, NE)",158,Nebraska,fbs,Big Ten,,,,,,120,Maryland,fbs,Big Ten,,,,,,,,,4.303561685092163,6.2,-1.4216318725694228,0.6
401856706,2026,5,regular,2026-10-03T04:00:00.000Z,True,False,False,False,,3958,Tiger Stadium (LA),99,LSU,fbs,SEC,,,,,,2377,McNeese,fcs,Southland,,,,,,,,,7.929507674598161,10.3,,
401858479,2026,5,regular,2026-10-03T04:00:00.000Z,True,False,False,True,,347,Camp Randall Stadium,275,Wisconsin,fbs,Big Ten,,,,,,127,Michigan State,fbs,Big Ten,,,,,,,,,-0.8877467159049215,-4.4,-0.9993838740226948,-3.4
401858248,2026,5,regular,2026-10-03T04:00:00.000Z,True,False,False,True,,3670,Carter-Finley Stadium,152,NC State,fbs,ACC,,,,,,97,Louisville,fbs,ACC,,,,,,,,,4.379001235552232,4.8,7.876000526356302,12.4
401860899,2026,5,regular,2026-10-03T04:00:00.000Z,True,False,False,False,,5388,Canvas Stadium,36,Colorado State,fbs,Pac-12,,,,,,204,Oregon State,fbs,Pac-12,,,,,,,,,-10.358706746414548,-15.6,-9.86976662212677,-15.9
401856707,2026,5,regular,2026-10-03T04:00:00.000Z,True,False,False,True,,3693,Davis Wade Stadium,344,Mississippi State,fbs,SEC,,,,,,333,Alabama,fbs,SEC,,,,,,,,,2.1111812540588133,4.1,12.012093054306495,14.8
401866432,2026,5,regular,2026-10-03T04:00:00.000Z,True,False,False,True,,3965,UB Stadium,2084,Buffalo,fbs,Mid-American,,,,,,2711,Western Michigan,fbs,Mid-American,,,,,,,,,-6.622674488235944,-7.5,-0.1835943338395365,-1.4
401856819,2026,5,regular,2026-10-03T04:00:00.000Z,True,False,False,True,,4728,TDECU Stadium,248,Houston,fbs,Big 12,,,,,,2116,UCF,fbs,Big 12,,,,,,,,,4.627377792543724,7.4,-1.101336881341057,-1.2
401866477,2026,5,regular,2026-10-03T04:00:00.000Z,True,False,False,True,,3996,Yager Stadium,193,Miami (OH),fbs,Mid-American,,,,,,189,Bowling Green,fbs,Mid-American,,,,,,,,,-3.1775534402591803,-3.4,-9.462107636422031,-12.6
401858250,2026,5,regular,2026-10-03T04:00:00.000Z,True,False,False,False,,3787,Kenan Stadium,153,North Carolina,fbs,ACC,,,,,,87,Notre Dame,fbs,FBS Independents,,,,,,,,,-4.9209574583406415,-6.6,18.48132325852264,24.4
401858477,2026,5,regular,2026-10-03T04:00:00.000Z,True,False,False,True,,6577,SHI Stadium,164,Rutgers,fbs,Big Ten,,,,,,84,Indiana,fbs,Big Ten,,,,,,,,,0.8955656809735639,1.0,22.018965910520933,32.4
401856711,2026,5,regular,2026-10-03T04:00:00.000Z,True,False,False,True,,3795,Kyle Field,245,Texas A&M,fbs,SEC,,,,,,8,Arkansas,fbs,SEC,,,,,,,,,14.4280651487751,20.7,3.600665259775413,5.1
401864514,2026,5,regular,2026-10-03T04:00:00.000Z,True,False,False,True,,3971,University Stadium (NM),167,New Mexico,fbs,Mountain West,,,,,,2638,UTEP,fbs,Mountain West,,,,,,,,,-1.9330740047732964,0.9,-10.925472904729055,-17.5
401858253,2026,5,regular,2026-10-03T04:00:00.000Z,True,False,False,True,,3697,Doak Campbell Stadium,52,Florida State,fbs,ACC,,,,,,258,Virginia,fbs,ACC,,,,,,,,,4.530140271678208,7.2,5.907986460984766,11.1
401856807,2026,5,regular,2026-10-03T04:00:00.000Z,True,False,False,False,,3833,Memorial Stadium,2305,Kansas,fbs,Big 12,,,,,,2393,Middle Tennessee,fbs,Conference USA,,,,,,,,,2.362685970496978,4.1,-10.640173629621511,-16.0
401862787,2026,5,regular,2026-10-03T04:00:00.000Z,True,False,False,True,,4418,Jerry Richardson Stadium,2429,Charlotte,fbs,American Athletic,,,,,,235,Memphis,fbs,American Athletic,,,,,,,,,-17.345504478601242,-26.7,2.836722465986789,7.6
401856705,2026,5,regular,2026-10-03T04:00:00.000Z,True,False,False,True,,3917,Sanford Stadium,61,Georgia,fbs,SEC,,,,,,238,Vanderbilt,fbs,SEC,,,,,,,,,16.8327411286464,24.1,13.5246617202993,20.3
401856709,2026,5,regular,2026-10-03T04:00:00.000Z,True,False,False,True,,3994,Williams-Brice Stadium,2579,South Carolina,fbs,SEC,,,,,,96,Kentucky,fbs,SEC,,,,,,,,,5.815141074531684,5.9,1.3204525927635191,1.8
401860898,2026,5,regular,2026-10-03T04:00:00.000Z,True,False,False,True,,3653,Albertsons Stadium,68,Boise State,fbs,Pac-12,,,,,,328,Utah State,fbs,Pac-12,,,,,,,,,2.340264139698954,3.1,-2.260534464630852,-3.1
401858246,2026,5,regular,2026-10-03T04:00:00.000Z,True,False,False,True,,3735,Gerald J. Ford Stadium,2567,SMU,fbs,ACC,,,,,,103,Boston College,fbs,ACC,,,,,,,,,9.584944651382775,13.4,-4.643531212630915,-8.5
401862794,2026,6,regular,2026-10-08T04:00:00.000Z,True,False,False,True,,3604,Alamodome,2636,UTSA,fbs,American Athletic,,,,,,58,South Florida,fbs,American Athletic,,,,,,,,,3.509841263493014,3.7,8.882042757678047,11.6
401860922,2026,6,regular,2026-10-09T04:00:00.000Z,True,False,False,False,,3905,Maverik Stadium,328,Utah State,fbs,Pac-12,,,,,,265,Washington State,fbs,Pac-12,,,,,,,,Will be played Oct. 9 or Oct. 10,-2.260534464630852,-3.1,1.0901117343902982,3.8
401858254,2026,6,regular,2026-10-09T04:00:00.000Z,True,False,False,True,,3873,L&N Federal Credit Union Stadium,97,Louisville,fbs,ACC,,,,,,52,Florida State,fbs,ACC,,,,,,,,,7.876000526356302,12.4,4.530140271678208,7.2
401860901,2026,6,regular,2026-10-10T04:00:00.000Z,True,False,False,True,,3660,Valley Children's Stadium,278,Fresno State,fbs,Pac-12,,,,,,68,Boise State,fbs,Pac-12,,,,,,,,,-0.8459897998591692,1.8,2.340264139698954,3.1
401856827,2026,6,regular,2026-10-10T04:00:00.000Z,True,False,False,True,,587,Rice-Eccles Stadium,254,Utah,fbs,Big 12,,,,,,2305,Kansas,fbs,Big 12,,,,,,,,,13.988310372281004,22.2,2.362685970496978,4.1
401858486,2026,6,regular,2026-10-10T04:00:00.000Z,True,False,False,True,,3907,Ross-Ade Stadium,2509,Purdue,fbs,Big Ten,,,,,,135,Minnesota,fbs,Big Ten,,,,,,,,,-4.50813200195571,-6.1,0.8747571955119204,1.5
401856825,2026,6,regular,2026-10-10T04:00:00.000Z,True,False,False,True,,3636,Bill Snyder Family Stadium,2306,Kansas State,fbs,Big 12,,,,,,248,Houston,fbs,Big 12,,,,,,,,,5.543882663257685,7.0,4.627377792543724,7.4
401862795,2026,6,regular,2026-10-10T04:00:00.000Z,True,False,False,True,,3841,Michie Stadium,349,Army,fbs,American Athletic,,,,,,2655,Tulane,fbs,American Athletic,,,,,,,,,-2.316955389121835,0.8,2.6787836041688293,6.3
401856824,2026,6,regular,2026-10-10T04:00:00.000Z,True,False,False,True,,3646,Boone Pickens Stadium,197,Oklahoma State,fbs,Big 12,,,,,,2116,UCF,fbs,Big 12,,,,,,,,,-9.962268999294146,-15.1,-1.101336881341057,-1.2
401856718,2026,6,regular,2026-10-10T04:00:00.000Z,True,False,False,True,,3973,FirstBank Stadium,238,Vanderbilt,fbs,SEC,,,,,,145,Ole Miss,fbs,SEC,,,,,,,,,13.5246617202993,20.3,15.07976744095631,24.0
401856716,2026,6,regular,2026-10-10T04:00:00.000Z,True,False,False,True,,3838,Memorial Stadium,142,Missouri,fbs,SEC,,,,,,245,Texas A&M,fbs,SEC,,,,,,,,,8.980910678143152,14.4,14.4280651487751,20.7
401862798,2026,6,regular,2026-10-10T04:00:00.000Z,True,False,False,True,,3805,Simmons Bank Liberty Stadium,235,Memphis,fbs,American Athletic,,,,,,5,UAB,fbs,American Athletic,,,,,,,,,2.836722465986789,7.6,-10.289782563338663,-15.8
401862796,2026,6,regular,2026-10-10T04:00:00.000Z,True,False,False,True,,3825,DATCU Stadium,249,North Texas,fbs,American Athletic,,,,,,2429,Charlotte,fbs,American Athletic,,,,,,,,,7.273833165668625,13.8,-17.345504478601242,-26.7
401856715,2026,6,regular,2026-10-10T04:00:00.000Z,True,False,False,True,,3683,Kroger Field,96,Kentucky,fbs,SEC,,,,,,99,LSU,fbs,SEC,,,,,,,,,1.3204525927635191,1.8,7.929507674598161,10.3
401862797,2026,6,regular,2026-10-10T04:00:00.000Z,True,False,False,True,,3699,Dowdy-Ficklen Stadium,151,East Carolina,fbs,American Athletic,,,,,,242,Rice,fbs,American Athletic,,,,,,,,,4.212568586525315,8.0,-11.23273108593408,-14.8
401856712,2026,6,regular,2026-10-10T04:00:00.000Z,True,False,False,True,,3657,Bryant-Denny Stadium,333,Alabama,fbs,SEC,,,,,,61,Georgia,fbs,SEC,,,,,,,,,12.012093054306495,14.8,16.8327411286464,24.1
401856717,2026,6,regular,2026-10-10T04:00:00.000Z,True,False,True,True,,499,Cotton Bowl,201,Oklahoma,fbs,SEC,,,,,,251,Texas,fbs,SEC,,,,,,,,,12.17713073595135,18.3,12.45207640875597,16.2
401860902,2026,6,regular,2026-10-10T04:00:00.000Z,True,False,False,False,,3893,Reser Stadium,204,Oregon State,fbs,Pac-12,,,,,,21,San Diego State,fbs,Pac-12,,,,,,,,,-9.86976662212677,-15.9,3.0135965407925256,6.7
401866436,2026,6,regular,2026-10-10T04:00:00.000Z,True,False,False,True,,3700,Doyt L. Perry Stadium,189,Bowling Green,fbs,Mid-American,,,,,,16,Sacramento State,fbs,Mid-American,,,,,,,,,-9.462107636422031,-12.6,,
401864519,2026,6,regular,2026-10-10T04:00:00.000Z,True,False,False,True,,3935,CEFCU Stadium,23,San José State,fbs,Mountain West,,,,,,2751,Wyoming,fbs,Mountain West,,,,,,,,,-10.083470117202756,-14.3,-7.474915292494448,-11.3
401864517,2026,6,regular,2026-10-10T04:00:00.000Z,True,False,False,True,,3946,Sun Bowl,2638,UTEP,fbs,Mountain West,,,,,,2440,Nevada,fbs,Mountain West,,,,,,,,,-10.925472904729055,-17.5,-9.108004380608008,-13.4
401861964,2026,6,regular,2026-10-10T04:00:00.000Z,True,False,False,False,,3806,Lincoln Financial Field,218,Temple,fbs,American Athletic,,,,,,41,UConn,fbs,FBS Independents,,,,,,,,,-4.615399786530988,-5.1,1.006537706152533,5.1
401858257,2026,6,regular,2026-10-10T04:00:00.000Z,True,False,False,False,,3855,Notre Dame Stadium,87,Notre Dame,fbs,FBS Independents,,,,,,24,Stanford,fbs,ACC,,,,,,,,,18.48132325852264,24.4,-6.298182172490354,-11.8
401864516,2026,6,regular,2026-10-10T04:00:00.000Z,True,False,False,True,,3764,Huskie Stadium,2459,Northern Illinois,fbs,Mountain West,,,,,,2005,Air Force,fbs,Mountain West,,,,,,,,,-10.823582106411772,-16.7,-3.230343283582089,-3.2
401862799,2026,6,regular,2026-10-10T04:00:00.000Z,True,False,False,True,,3852,Navy-Marine Corps Memorial Stadium,2426,Navy,fbs,American Athletic,,,,,,202,Tulsa,fbs,American Athletic,,,,,,,,,3.6151567164179106,6.2,-7.809272050450313,-10.0
401856808,2026,6,regular,2026-10-10T04:00:00.000Z,True,False,False,False,,3947,Mountain America Stadium,9,Arizona State,fbs,Big 12,,,,,,62,Hawai'i,fbs,Mountain West,,,,,,,,,3.8983574163879062,3.9,-1.3547865732703483,1.7
401864518,2026,6,regular,2026-10-10T04:00:00.000Z,True,False,False,True,,6501,Allegiant Stadium,2439,UNLV,fbs,Mountain West,,,,,,2449,North Dakota State,fbs,Mountain West,,,,,,,,,1.663416426982159,4.3,,
401858255,2026,6,regular,2026-10-10T04:00:00.000Z,True,False,False,True,,721,Bobby Dodd Stadium,59,Georgia Tech,fbs,ACC,,,,,,150,Duke,fbs,ACC,,,,,,,,,6.129344713647271,9.3,3.6816511094177145,6.6
401866439,2026,6,regular,2026-10-10T04:00:00.000Z,True,False,False,True,,3980,Waldo Stadium,2711,Western Michigan,fbs,Mid-American,,,,,,2309,Kent State,fbs,Mid-American,,,,,,,,,-0.1835943338395365,-1.4,-15.028327676365857,-19.3
401858256,2026,6,regular,2026-10-10T04:00:00.000Z,True,False,False,True,,3752,Acrisure Stadium,221,Pittsburgh,fbs,ACC,,,,,,153,North Carolina,fbs,ACC,,,,,,,,,5.696052770885623,8.4,-4.9209574583406415,-6.6
401856826,2026,6,regular,2026-10-10T04:00:00.000Z,True,False,False,True,,3801,LaVell Edwards Stadium,252,BYU,fbs,Big 12,,,,,,66,Iowa State,fbs,Big 12,,,,,,,,,10.789621328567566,15.9,6.0671843891579345,9.9
401856713,2026,6,regular,2026-10-10T04:00:00.000Z,True,False,False,True,,3887,Razorback Stadium,8,Arkansas,fbs,SEC,,,,,,2633,Tennessee,fbs,SEC,,,,,,,,,3.600665259775413,5.1,9.894871582442132,15.0
401858260,2026,6,regular,2026-10-10T04:00:00.000Z,True,False,False,True,,3670,Carter-Finley Stadium,152,NC State,fbs,ACC,,,,,,154,Wake Forest,fbs,ACC,,,,,,,,,4.379001235552232,4.8,1.9988560846284509,5.7
401866435,2026,6,regular,2026-10-10T04:00:00.000Z,True,False,False,True,,3768,InfoCision Stadium,2006,Akron,fbs,Mid-American,,,,,,2199,Eastern Michigan,fbs,Mid-American,,,,,,,,,-11.378692054665397,-13.9,-10.152992750332649,-14.7
401858258,2026,6,regular,2026-10-10T04:00:00.000Z,True,False,False,True,,3923,Scott Stadium,258,Virginia,fbs,ACC,,,,,,183,Syracuse,fbs,ACC,,,,,,,,,5.907986460984766,11.1,-8.795570216842233,-13.1
401866438,2026,6,regular,2026-10-10T04:00:00.000Z,True,False,False,True,,3876,Peden Stadium,195,Ohio,fbs,Mid-American,,,,,,2117,Central Michigan,fbs,Mid-American,,,,,,,,,-1.7270115905927574,-4.0,-8.277083807944111,-8.8
401866437,2026,6,regular,2026-10-10T04:00:00.000Z,True,False,False,True,,3739,Glass Bowl,2649,Toledo,fbs,Mid-American,,,,,,2084,Buffalo,fbs,Mid-American,,,,,,,,,4.035342090714397,6.0,-6.622674488235944,-7.5
401858482,2026,6,regular,2026-10-10T04:00:00.000Z,True,False,True,False,,11823,Ryan Field,77,Northwestern,fbs,Big Ten,,,,,,2050,Ball State,fbs,Mid-American,,,,,,,,,3.57554342897739,5.8,-16.169764807426272,-23.0
401858259,2026,6,regular,2026-10-10T04:00:00.000Z,True,False,False,True,,3831,California Memorial Stadium,25,California,fbs,ACC,,,,,,259,Virginia Tech,fbs,ACC,,,,,,,,,-2.956324887796351,-3.2,-4.313755640950693,-10.1
401856714,2026,6,regular,2026-10-10T04:00:00.000Z,True,False,False,True,,3634,Ben Hill Griffin Stadium,57,Florida,fbs,SEC,,,,,,2579,South Carolina,fbs,SEC,,,,,,,,,4.277491963455242,3.5,5.815141074531684,5.9
401856823,2026,6,regular,2026-10-10T04:00:00.000Z,True,False,False,True,,3842,Milan Puskar Stadium,277,West Virginia,fbs,Big 12,,,,,,12,Arizona,fbs,Big 12,,,,,,,,,-4.889941995131068,-6.8,7.403131754301907,12.0
401866440,2026,6,regular,2026-10-10T04:00:00.000Z,True,False,False,True,,3985,Warren McGuirk Alumni Stadium,113,Massachusetts,fbs,Mid-American,,,,,,193,Miami (OH),fbs,Mid-American,,,,,,,,,-23.515507145934244,-36.6,-3.1775534402591803,-3.4
401858484,2026,6,regular,2026-10-10T04:00:00.000Z,True,False,False,True,,3626,Autzen Stadium,2483,Oregon,fbs,Big Ten,,,,,,26,UCLA,fbs,Big Ten,,,,,,,,,17.45461079235452,25.9,-4.79368522529276,-8.7
401858485,2026,6,regular,2026-10-10T04:00:00.000Z,True,False,False,True,,3632,Beaver Stadium,213,Penn State,fbs,Big Ten,,,,,,30,USC,fbs,Big Ten,,,,,,,,,13.108973426889438,18.1,12.012121211063716,16.9
401858487,2026,6,regular,2026-10-10T04:00:00.000Z,True,False,False,True,,3765,Husky Stadium,264,Washington,fbs,Big Ten,,,,,,2294,Iowa,fbs,Big Ten,,,,,,,,,11.414099047867792,18.4,12.63699576066072,19.7
401858480,2026,6,regular,2026-10-10T04:00:00.000Z,True,False,False,True,,3936,Spartan Stadium,127,Michigan State,fbs,Big Ten,,,,,,356,Illinois,fbs,Big Ten,,,,,,,,,-0.9993838740226948,-3.4,7.118538498166778,12.9
401858481,2026,6,regular,2026-10-10T04:00:00.000Z,True,False,False,True,,3834,"Memorial Stadium (Lincoln, NE)",158,Nebraska,fbs,Big Ten,,,,,,84,Indiana,fbs,Big Ten,,,,,,,,,4.303561685092163,6.2,22.018965910520933,32.4
401858483,2026,6,regular,2026-10-10T04:00:00.000Z,True,False,False,True,,3861,Ohio Stadium,194,Ohio State,fbs,Big Ten,,,,,,120,Maryland,fbs,Big Ten,,,,,,,,,20.412432705449245,30.1,-1.4216318725694228,0.6
401862800,2026,7,regular,2026-10-15T04:00:00.000Z,True,False,False,True,,7221,Protective Stadium,5,UAB,fbs,American Athletic,,,,,,151,East Carolina,fbs,American Athletic,,,,,,,,,-10.289782563338663,-15.8,4.212568586525315,8.0
401862801,2026,7,regular,2026-10-16T04:00:00.000Z,True,False,False,True,,4729,Yulman Stadium,2655,Tulane,fbs,American Athletic,,,,,,235,Memphis,fbs,American Athletic,,,,,,,,,2.6787836041688293,6.3,2.836722465986789,7.6
401856828,2026,7,regular,2026-10-17T04:00:00.000Z,True,False,False,True,,3784,Jones AT&T Stadium,2641,Texas Tech,fbs,Big 12,,,,,,9,Arizona State,fbs,Big 12,,,,,,,,,17.6991792937539,27.6,3.8983574163879062,3.9
401862806,2026,7,regular,2026-10-17T04:00:00.000Z,True,False,False,False,,3886,Raymond James Stadium,58,South Florida,fbs,American Athletic,,,,,,2309,Kent State,fbs,Mid-American,,,,,,,,,8.882042757678047,11.6,-15.028327676365857,-19.3
401858488,2026,7,regular,2026-10-17T04:00:00.000Z,True,False,False,True,,3830,"Memorial Stadium (Bloomington, IN)",84,Indiana,fbs,Big Ten,,,,,,194,Ohio State,fbs,Big Ten,,,,,,,,,22.018965910520933,32.4,20.412432705449245,30.1
401856832,2026,7,regular,2026-10-17T04:00:00.000Z,True,False,False,True,,4727,McLane Stadium,239,Baylor,fbs,Big 12,,,,,,2628,TCU,fbs,Big 12,,,,,,,,,1.9959355568862849,1.4,6.264575408872811,8.3
401860904,2026,7,regular,2026-10-17T04:00:00.000Z,True,False,False,True,,7311,Snapdragon Stadium,21,San Diego State,fbs,Pac-12,,,,,,278,Fresno State,fbs,Pac-12,,,,,,,,,3.0135965407925256,6.7,-0.8459897998591692,1.8
401858266,2026,7,regular,2026-10-17T04:00:00.000Z,True,False,False,True,,3982,Wallace Wade Stadium,150,Duke,fbs,ACC,,,,,,153,North Carolina,fbs,ACC,,,,,,,,,3.6816511094177145,6.6,-4.9209574583406415,-6.6
401866444,2026,7,regular,2026-10-17T04:00:00.000Z,True,False,False,True,,3912,Rynearson Stadium,2199,Eastern Michigan,fbs,Mid-American,,,,,,2649,Toledo,fbs,Mid-American,,,,,,,,,-10.152992750332649,-14.7,4.035342090714397,6.0
401858267,2026,7,regular,2026-10-17T04:00:00.000Z,True,False,False,True,,3615,"Alumni Stadium (Chestnut Hill, MA)",103,Boston College,fbs,ACC,,,,,,221,Pittsburgh,fbs,ACC,,,,,,,,,-4.643531212630915,-8.5,5.696052770885623,8.4
401858261,2026,7,regular,2026-10-17T04:00:00.000Z,True,False,False,False,,3836,"Memorial Stadium (Clemson, SC)",228,Clemson,fbs,ACC,,,,,,2127,Charleston Southern,fcs,Big South-OVC,,,,,,,,,8.19128633697738,9.5,,
401856719,2026,7,regular,2026-10-17T04:00:00.000Z,True,False,False,True,,3917,Sanford Stadium,61,Georgia,fbs,SEC,,,,,,2,Auburn,fbs,SEC,,,,,,,,,16.8327411286464,24.1,7.453457920925981,11.6
401856725,2026,7,regular,2026-10-17T04:00:00.000Z,True,False,False,False,,3795,Kyle Field,245,Texas A&M,fbs,SEC,,,,,,2643,The Citadel,fcs,Southern,,,,,,,,,14.4280651487751,20.7,,
401856720,2026,7,regular,2026-10-17T04:00:00.000Z,True,False,False,True,,3958,Tiger Stadium (LA),99,LSU,fbs,SEC,,,,,,344,Mississippi State,fbs,SEC,,,,,,,,,7.929507674598161,10.3,2.1111812540588133,4.1
401856724,2026,7,regular,2026-10-17T04:00:00.000Z,True,False,False,True,,3910,DKR-Texas Memorial Stadium,251,Texas,fbs,SEC,,,,,,57,Florida,fbs,SEC,,,,,,,,,12.45207640875597,16.2,4.277491963455242,3.5
401858489,2026,7,regular,2026-10-17T04:00:00.000Z,True,False,False,True,,3665,SECU Stadium,120,Maryland,fbs,Big Ten,,,,,,164,Rutgers,fbs,Big Ten,,,,,,,,,-1.4216318725694228,0.6,0.8955656809735639,1.0
401856830,2026,7,regular,2026-10-17T04:00:00.000Z,True,False,False,True,,3636,Bill Snyder Family Stadium,2306,Kansas State,fbs,Big 12,,,,,,2305,Kansas,fbs,Big 12,,,,,,,,,5.543882663257685,7.0,2.362685970496978,4.1
401856833,2026,7,regular,2026-10-17T04:00:00.000Z,True,False,False,True,,3726,Folsom Field,38,Colorado,fbs,Big 12,,,,,,254,Utah,fbs,Big 12,,,,,,,,,-4.901429057985768,-8.3,13.988310372281004,22.2
401856829,2026,7,regular,2026-10-17T04:00:00.000Z,True,False,False,True,,3842,Milan Puskar Stadium,277,West Virginia,fbs,Big 12,,,,,,2132,Cincinnati,fbs,Big 12,,,,,,,,,-4.889941995131068,-6.8,2.670951635634245,4.5
401858492,2026,7,regular,2026-10-17T04:00:00.000Z,True,False,False,True,,3626,Autzen Stadium,2483,Oregon,fbs,Big Ten,,,,,,158,Nebraska,fbs,Big Ten,,,,,,,,,17.45461079235452,25.9,4.303561685092163,6.2
401866445,2026,7,regular,2026-10-17T04:00:00.000Z,True,False,False,True,,3757,Hornet Stadium,16,Sacramento State,fbs,Mid-American,,,,,,195,Ohio,fbs,Mid-American,,,,,,,,,,,-1.7270115905927574,-4.0
401856831,2026,7,regular,2026-10-17T04:00:00.000Z,True,False,False,True,,4728,TDECU Stadium,248,Houston,fbs,Big 12,,,,,,197,Oklahoma State,fbs,Big 12,,,,,,,,,4.627377792543724,7.4,-9.962268999294146,-15.1
401866442,2026,7,regular,2026-10-17T04:00:00.000Z,True,False,False,True,,3965,UB Stadium,2084,Buffalo,fbs,Mid-American,,,,,,113,Massachusetts,fbs,Mid-American,,,,,,,,,-6.622674488235944,-7.5,-23.515507145934244,-36.6
401860903,2026,7,regular,2026-10-17T04:00:00.000Z,True,False,False,True,,3893,Reser Stadium,204,Oregon State,fbs,Pac-12,,,,,,265,Washington State,fbs,Pac-12,,,,,,,,,-9.86976662212677,-15.9,1.0901117343902982,3.8
401860923,2026,7,regular,2026-10-17T04:00:00.000Z,True,False,False,False,,3644,Bobcat Stadium (TX),326,Texas State,fbs,Pac-12,,,,,,36,Colorado State,fbs,Pac-12,,,,,,,,Will be played Oct. 15 or Oct. 17,1.8173930819668864,2.3,-10.358706746414548,-15.6
401858262,2026,7,regular,2026-10-17T04:00:00.000Z,True,False,False,False,,3940,Stanford Stadium,24,Stanford,fbs,ACC,,,,,,2210,Elon,fcs,CAA,,,,,,,,,-6.298182172490354,-11.8,,
401858494,2026,7,regular,2026-10-17T04:00:00.000Z,True,False,False,True,,1056,Rose Bowl,26,UCLA,fbs,Big Ten,,,,,,275,Wisconsin,fbs,Big Ten,,,,,,,,,-4.79368522529276,-8.7,-0.8877467159049215,-4.4
401858263,2026,7,regular,2026-10-17T04:00:00.000Z,True,False,False,True,,3948,Hard Rock Stadium,2390,Miami,fbs,ACC,,,,,,52,Florida State,fbs,ACC,,,,,,,,,14.665351850528298,20.7,4.530140271678208,7.2
401864521,2026,7,regular,2026-10-17T04:00:00.000Z,True,False,False,True,,7220,Clarence T.C. Ching Athletics Complex,62,Hawai'i,fbs,Mountain West,,,,,,167,New Mexico,fbs,Mountain West,,,,,,,,,-1.3547865732703483,1.7,-1.9330740047732964,0.9
401862804,2026,7,regular,2026-10-17T04:00:00.000Z,True,False,False,True,,3604,Alamodome,2636,UTSA,fbs,American Athletic,,,,,,2426,Navy,fbs,American Athletic,,,,,,,,,3.509841263493014,3.7,3.6151567164179106,6.2
401858491,2026,7,regular,2026-10-17T04:00:00.000Z,True,False,False,True,,3936,Spartan Stadium,127,Michigan State,fbs,Big Ten,,,,,,77,Northwestern,fbs,Big Ten,,,,,,,,,-0.9993838740226948,-3.4,3.57554342897739,5.8
401862805,2026,7,regular,2026-10-17T04:00:00.000Z,True,False,False,True,,3895,Rice Stadium,242,Rice,fbs,American Athletic,,,,,,202,Tulsa,fbs,American Athletic,,,,,,,,,-11.23273108593408,-14.8,-7.809272050450313,-10.0
401858264,2026,7,regular,2026-10-17T04:00:00.000Z,True,False,False,True,,3799,Lane Stadium,259,Virginia Tech,fbs,ACC,,,,,,59,Georgia Tech,fbs,ACC,,,,,,,,,-4.313755640950693,-10.1,6.129344713647271,9.3
401864522,2026,7,regular,2026-10-17T04:00:00.000Z,True,False,False,True,,3984,War Memorial Stadium,2751,Wyoming,fbs,Mountain West,,,,,,2459,Northern Illinois,fbs,Mountain West,,,,,,,,,-7.474915292494448,-11.3,-10.823582106411772,-16.7
401856722,2026,7,regular,2026-10-17T04:00:00.000Z,True,False,False,True,,3835,"Memorial Stadium (Norman, OK)",201,Oklahoma,fbs,SEC,,,,,,96,Kentucky,fbs,SEC,,,,,,,,,12.17713073595135,18.3,1.3204525927635191,1.8
401858268,2026,7,regular,2026-10-17T04:00:00.000Z,True,False,False,True,,3735,Gerald J. Ford Stadium,2567,SMU,fbs,ACC,,,,,,258,Virginia,fbs,ACC,,,,,,,,,9.584944651382775,13.4,5.907986460984766,11.1
401864524,2026,7,regular,2026-10-17T04:00:00.000Z,True,False,False,True,,3713,Falcon Stadium,2005,Air Force,fbs,Mountain West,,,,,,2439,UNLV,fbs,Mountain West,,,,,,,,,-3.230343283582089,-3.2,1.663416426982159,4.3
401858265,2026,7,regular,2026-10-17T04:00:00.000Z,True,False,False,True,,1964,JMA Wireless Dome,183,Syracuse,fbs,ACC,,,,,,97,Louisville,fbs,ACC,,,,,,,,,-8.795570216842233,-13.1,7.876000526356302,12.4
401864520,2026,7,regular,2026-10-17T04:00:00.000Z,True,False,False,True,,3714,Fargodome,2449,North Dakota State,fbs,Mountain West,,,,,,2440,Nevada,fbs,Mountain West,,,,,,,,,,,-9.108004380608008,-13.4
401864523,2026,7,regular,2026-10-17T04:00:00.000Z,True,False,False,True,,3946,Sun Bowl,2638,UTEP,fbs,Mountain West,,,,,,23,San José State,fbs,Mountain West,,,,,,,,,-10.925472904729055,-17.5,-10.083470117202756,-14.3
401856809,2026,7,regular,2026-10-17T04:00:00.000Z,True,False,False,False,,3801,LaVell Edwards Stadium,252,BYU,fbs,Big 12,,,,,,87,Notre Dame,fbs,FBS Independents,,,,,,,,,10.789621328567566,15.9,18.48132325852264,24.4
401858269,2026,7,regular,2026-10-17T04:00:00.000Z,True,False,False,True,,3831,California Memorial Stadium,25,California,fbs,ACC,,,,,,154,Wake Forest,fbs,ACC,,,,,,,,,-2.956324887796351,-3.2,1.9988560846284509,5.7
401858490,2026,7,regular,2026-10-17T04:00:00.000Z,True,False,False,True,,3558,Michigan Stadium,130,Michigan,fbs,Big Ten,,,,,,213,Penn State,fbs,Big Ten,,,,,,,,,9.446327986321638,12.4,13.108973426889438,18.1
401856726,2026,7,regular,2026-10-17T04:00:00.000Z,True,False,False,True,,3973,FirstBank Stadium,238,Vanderbilt,fbs,SEC,,,,,,8,Arkansas,fbs,SEC,,,,,,,,,13.5246617202993,20.3,3.600665259775413,5.1
401866441,2026,7,regular,2026-10-17T04:00:00.000Z,True,False,False,True,,3700,Doyt L. Perry Stadium,189,Bowling Green,fbs,Mid-American,,,,,,2050,Ball State,fbs,Mid-American,,,,,,,,,-9.462107636422031,-12.6,-16.169764807426272,-23.0
401858493,2026,7,regular,2026-10-17T04:00:00.000Z,True,False,False,True,,3907,Ross-Ade Stadium,2509,Purdue,fbs,Big Ten,,,,,,264,Washington,fbs,Big Ten,,,,,,,,,-4.50813200195571,-6.1,11.414099047867792,18.4
401856723,2026,7,regular,2026-10-17T04:00:00.000Z,True,False,False,True,,3853,Neyland Stadium,2633,Tennessee,fbs,SEC,,,,,,333,Alabama,fbs,SEC,,,,,,,,,9.894871582442132,15.0,12.012093054306495,14.8
401856721,2026,7,regular,2026-10-17T04:00:00.000Z,True,False,False,True,,3974,Vaught-Hemingway Stadium,145,Ole Miss,fbs,SEC,,,,,,142,Missouri,fbs,SEC,,,,,,,,,15.07976744095631,24.0,8.980910678143152,14.4
401862803,2026,7,regular,2026-10-17T04:00:00.000Z,True,False,False,True,,3806,Lincoln Financial Field,218,Temple,fbs,American Athletic,,,,,,2429,Charlotte,fbs,American Athletic,,,,,,,,,-4.615399786530988,-5.1,-17.345504478601242,-26.7
401862802,2026,7,regular,2026-10-17T04:00:00.000Z,True,False,False,True,,3841,Michie Stadium,349,Army,fbs,American Athletic,,,,,,2226,Florida Atlantic,fbs,American Athletic,,,,,,,,,-2.316955389121835,0.8,-7.954327133931199,-8.7
401866478,2026,7,regular,2026-10-17T04:00:00.000Z,True,False,False,True,,3996,Yager Stadium,193,Miami (OH),fbs,Mid-American,,,,,,2006,Akron,fbs,Mid-American,,,,,,,,,-3.1775534402591803,-3.4,-11.378692054665397,-13.9
401866443,2026,7,regular,2026-10-17T04:00:00.000Z,True,False,False,True,,3786,Kelly/Shorts Stadium,2117,Central Michigan,fbs,Mid-American,,,,,,2711,Western Michigan,fbs,Mid-American,,,,,,,,,-8.277083807944111,-8.8,-0.1835943338395365,-1.4
401862807,2026,8,regular,2026-10-22T04:00:00.000Z,True,False,False,True,,3805,Simmons Bank Liberty Stadium,235,Memphis,fbs,American Athletic,,,,,,151,East Carolina,fbs,American Athletic,,,,,,,,,2.836722465986789,7.6,4.212568586525315,8.0
401858271,2026,8,regular,2026-10-23T04:00:00.000Z,True,False,False,True,,3923,Scott Stadium,258,Virginia,fbs,ACC,,,,,,150,Duke,fbs,ACC,,,,,,,,Will be played Oct. 23 or Oct. 24,5.907986460984766,11.1,3.6816511094177145,6.6
401862808,2026,8,regular,2026-10-23T04:00:00.000Z,True,False,False,True,,3674,Chapman Stadium,202,Tulsa,fbs,American Athletic,,,,,,349,Army,fbs,American Athletic,,,,,,,,,-7.809272050450313,-10.0,-2.316955389121835,0.8
401858272,2026,8,regular,2026-10-23T04:00:00.000Z,True,False,False,True,,3940,Stanford Stadium,24,Stanford,fbs,ACC,,,,,,152,NC State,fbs,ACC,,,,,,,,Will be played Oct. 23 or Oct. 24,-6.298182172490354,-11.8,4.379001235552232,4.8
401858270,2026,8,regular,2026-10-23T04:00:00.000Z,True,False,False,True,,3735,Gerald J. Ford Stadium,2567,SMU,fbs,ACC,,,,,,25,California,fbs,ACC,,,,,,,,Will be played Oct. 23 or Oct. 24,9.584944651382775,13.4,-2.956324887796351,-3.2
401866447,2026,8,regular,2026-10-24T04:00:00.000Z,True,False,False,True,,3919,Scheumann Stadium,2050,Ball State,fbs,Mid-American,,,,,,16,Sacramento State,fbs,Mid-American,,,,,,,,,-16.169764807426272,-23.0,,
401856835,2026,8,regular,2026-10-24T04:00:00.000Z,True,False,False,True,,3652,FBC Mortgage Stadium,2116,UCF,fbs,Big 12,,,,,,252,BYU,fbs,Big 12,,,,,,,,,-1.101336881341057,-1.2,10.789621328567566,15.9
401864527,2026,8,regular,2026-10-24T04:00:00.000Z,True,False,False,True,,3971,University Stadium (NM),167,New Mexico,fbs,Mountain West,,,,,,2449,North Dakota State,fbs,Mountain West,,,,,,,,,-1.9330740047732964,0.9,,
401856838,2026,8,regular,2026-10-24T04:00:00.000Z,True,False,False,True,,3619,Arizona Stadium,12,Arizona,fbs,Big 12,,,,,,66,Iowa State,fbs,Big 12,,,,,,,,,7.403131754301907,12.0,6.0671843891579345,9.9
401858500,2026,8,regular,2026-10-24T04:00:00.000Z,True,False,False,True,,347,Camp Randall Stadium,275,Wisconsin,fbs,Big Ten,,,,,,30,USC,fbs,Big Ten,,,,,,,,,-0.8877467159049215,-4.4,12.012121211063716,16.9
401860905,2026,8,regular,2026-10-24T04:00:00.000Z,True,False,False,True,,5388,Canvas Stadium,36,Colorado State,fbs,Pac-12,,,,,,21,San Diego State,fbs,Pac-12,,,,,,,,,-10.358706746414548,-15.6,3.0135965407925256,6.7
401856839,2026,8,regular,2026-10-24T04:00:00.000Z,True,False,False,True,,3947,Mountain America Stadium,9,Arizona State,fbs,Big 12,,,,,,2306,Kansas State,fbs,Big 12,,,,,,,,,3.8983574163879062,3.9,5.543882663257685,7.0
401858497,2026,8,regular,2026-10-24T04:00:00.000Z,True,False,False,True,,3953,Huntington Bank Stadium,135,Minnesota,fbs,Big Ten,,,,,,2294,Iowa,fbs,Big Ten,,,,,,,,,0.8747571955119204,1.5,12.63699576066072,19.7
401858275,2026,8,regular,2026-10-24T04:00:00.000Z,True,False,False,True,,3787,Kenan Stadium,153,North Carolina,fbs,ACC,,,,,,183,Syracuse,fbs,ACC,,,,,,,,,-4.9209574583406415,-6.6,-8.795570216842233,-13.1
401858498,2026,8,regular,2026-10-24T04:00:00.000Z,True,False,True,True,,11823,Ryan Field,77,Northwestern,fbs,Big Ten,,,,,,164,Rutgers,fbs,Big Ten,,,,,,,,,3.57554342897739,5.8,0.8955656809735639,1.0
401866449,2026,8,regular,2026-10-24T04:00:00.000Z,True,False,False,True,,3876,Peden Stadium,195,Ohio,fbs,Mid-American,,,,,,2199,Eastern Michigan,fbs,Mid-American,,,,,,,,,-1.7270115905927574,-4.0,-10.152992750332649,-14.7
401858274,2026,8,regular,2026-10-24T04:00:00.000Z,True,False,False,True,,3948,Hard Rock Stadium,2390,Miami,fbs,ACC,,,,,,221,Pittsburgh,fbs,ACC,,,,,,,,,14.665351850528298,20.7,5.696052770885623,8.4
401862811,2026,8,regular,2026-10-24T04:00:00.000Z,True,False,False,True,,4729,Yulman Stadium,2655,Tulane,fbs,American Athletic,,,,,,2636,UTSA,fbs,American Athletic,,,,,,,,,2.6787836041688293,6.3,3.509841263493014,3.7
401856731,2026,8,regular,2026-10-24T04:00:00.000Z,True,False,False,True,,3994,Williams-Brice Stadium,2579,South Carolina,fbs,SEC,,,,,,2633,Tennessee,fbs,SEC,,,,,,,,,5.815141074531684,5.9,9.894871582442132,15.0
401862809,2026,8,regular,2026-10-24T04:00:00.000Z,True,False,False,True,,3715,FAU Stadium,2226,Florida Atlantic,fbs,American Athletic,,,,,,242,Rice,fbs,American Athletic,,,,,,,,,-7.954327133931199,-8.7,-11.23273108593408,-14.8
401862810,2026,8,regular,2026-10-24T04:00:00.000Z,True,False,False,True,,3852,Navy-Marine Corps Memorial Stadium,2426,Navy,fbs,American Athletic,,,,,,249,North Texas,fbs,American Athletic,,,,,,,,,3.6151567164179106,6.2,7.273833165668625,13.8
401856840,2026,8,regular,2026-10-24T04:00:00.000Z,True,False,False,True,,3854,Nippert Stadium,2132,Cincinnati,fbs,Big 12,,,,,,2641,Texas Tech,fbs,Big 12,,,,,,,,,2.670951635634245,4.5,17.6991792937539,27.6
401856728,2026,8,regular,2026-10-24T04:00:00.000Z,True,False,False,True,,3785,Jordan-Hare Stadium,2,Auburn,fbs,SEC,,,,,,99,LSU,fbs,SEC,,,,,,,,,7.453457920925981,11.6,7.929507674598161,10.3
401860907,2026,8,regular,2026-10-24T04:00:00.000Z,True,False,False,False,,3820,Gesa Field,265,Washington State,fbs,Pac-12,,,,,,68,Boise State,fbs,Pac-12,,,,,,,,,1.0901117343902982,3.8,2.340264139698954,3.1
401858276,2026,8,regular,2026-10-24T04:00:00.000Z,True,False,False,True,,3836,"Memorial Stadium (Clemson, SC)",228,Clemson,fbs,ACC,,,,,,259,Virginia Tech,fbs,ACC,,,,,,,,,8.19128633697738,9.5,-4.313755640950693,-10.1
401856841,2026,8,regular,2026-10-24T04:00:00.000Z,True,False,False,True,,3616,Amon G. Carter Stadium,2628,TCU,fbs,Big 12,,,,,,277,West Virginia,fbs,Big 12,,,,,,,,,6.264575408872811,8.3,-4.889941995131068,-6.8
401866446,2026,8,regular,2026-10-24T04:00:00.000Z,True,False,False,True,,3696,Dix Stadium,2309,Kent State,fbs,Mid-American,,,,,,2006,Akron,fbs,Mid-American,,,,,,,,,-15.028327676365857,-19.3,-11.378692054665397,-13.9
401856732,2026,8,regular,2026-10-24T04:00:00.000Z,True,False,False,True,,3910,DKR-Texas Memorial Stadium,251,Texas,fbs,SEC,,,,,,145,Ole Miss,fbs,SEC,,,,,,,,,12.45207640875597,16.2,15.07976744095631,24.0
401856727,2026,8,regular,2026-10-24T04:00:00.000Z,True,False,False,True,,3657,Bryant-Denny Stadium,333,Alabama,fbs,SEC,,,,,,245,Texas A&M,fbs,SEC,,,,,,,,,12.012093054306495,14.8,14.4280651487751,20.7
401860906,2026,8,regular,2026-10-24T04:00:00.000Z,True,False,False,False,,3644,Bobcat Stadium (TX),326,Texas State,fbs,Pac-12,,,,,,328,Utah State,fbs,Pac-12,,,,,,,,,1.8173930819668864,2.3,-2.260534464630852,-3.1
401858496,2026,8,regular,2026-10-24T04:00:00.000Z,True,False,False,True,,3558,Michigan Stadium,130,Michigan,fbs,Big Ten,,,,,,84,Indiana,fbs,Big Ten,,,,,,,,,9.446327986321638,12.4,22.018965910520933,32.4
401856729,2026,8,regular,2026-10-24T04:00:00.000Z,True,False,False,True,,3683,Kroger Field,96,Kentucky,fbs,SEC,,,,,,238,Vanderbilt,fbs,SEC,,,,,,,,,1.3204525927635191,1.8,13.5246617202993,20.3
401858499,2026,8,regular,2026-10-24T04:00:00.000Z,True,False,False,True,,1056,Rose Bowl,26,UCLA,fbs,Big Ten,,,,,,127,Michigan State,fbs,Big Ten,,,,,,,,,-4.79368522529276,-8.7,-0.9993838740226948,-3.4
401866476,2026,8,regular,2026-10-24T04:00:00.000Z,True,False,False,True,,3786,Kelly/Shorts Stadium,2117,Central Michigan,fbs,Mid-American,,,,,,193,Miami (OH),fbs,Mid-American,,,,,,,,,-8.277083807944111,-8.8,-3.1775534402591803,-3.4
401856836,2026,8,regular,2026-10-24T04:00:00.000Z,True,False,False,True,,3646,Boone Pickens Stadium,197,Oklahoma State,fbs,Big 12,,,,,,38,Colorado,fbs,Big 12,,,,,,,,,-9.962268999294146,-15.1,-4.901429057985768,-8.3
401866448,2026,8,regular,2026-10-24T04:00:00.000Z,True,False,False,True,,3965,UB Stadium,2084,Buffalo,fbs,Mid-American,,,,,,189,Bowling Green,fbs,Mid-American,,,,,,,,,-6.622674488235944,-7.5,-9.462107636422031,-12.6
401856837,2026,8,regular,2026-10-24T04:00:00.000Z,True,False,False,True,,587,Rice-Eccles Stadium,254,Utah,fbs,Big 12,,,,,,248,Houston,fbs,Big 12,,,,,,,,,13.988310372281004,22.2,4.627377792543724,7.4
401856730,2026,8,regular,2026-10-24T04:00:00.000Z,True,False,False,True,,3693,Davis Wade Stadium,344,Mississippi State,fbs,SEC,,,,,,201,Oklahoma,fbs,SEC,,,,,,,,,2.1111812540588133,4.1,12.17713073595135,18.3
401861965,2026,8,regular,2026-10-24T04:00:00.000Z,True,False,False,False,,3892,Pratt & Whitney Stadium,41,UConn,fbs,FBS Independents,,,,,,113,Massachusetts,fbs,Mid-American,,,,,,,,,1.006537706152533,5.1,-23.515507145934244,-36.6
401858495,2026,8,regular,2026-10-24T04:00:00.000Z,True,False,False,True,,3832,"Memorial Stadium (Champaign, IL)",356,Illinois,fbs,Big Ten,,,,,,2483,Oregon,fbs,Big Ten,,,,,,,,,7.118538498166778,12.9,17.45461079235452,25.9
401864526,2026,8,regular,2026-10-24T04:00:00.000Z,True,False,False,True,,3764,Huskie Stadium,2459,Northern Illinois,fbs,Mountain West,,,,,,62,Hawai'i,fbs,Mountain West,,,,,,,,,-10.823582106411772,-16.7,-1.3547865732703483,1.7
401856834,2026,8,regular,2026-10-24T04:00:00.000Z,True,False,False,True,,3833,Memorial Stadium,2305,Kansas,fbs,Big 12,,,,,,239,Baylor,fbs,Big 12,,,,,,,,,2.362685970496978,4.1,1.9959355568862849,1.4
401864525,2026,8,regular,2026-10-24T04:00:00.000Z,True,False,False,True,,3984,War Memorial Stadium,2751,Wyoming,fbs,Mountain West,,,,,,2005,Air Force,fbs,Mountain West,,,,,,,,,-7.474915292494448,-11.3,-3.230343283582089,-3.2
401864528,2026,8,regular,2026-10-24T04:00:00.000Z,True,False,False,True,,3816,Mackay Stadium,2440,Nevada,fbs,Mountain West,,,,,,23,San José State,fbs,Mountain West,,,,,,,,,-9.108004380608008,-13.4,-10.083470117202756,-14.3
401858273,2026,8,regular,2026-10-24T04:00:00.000Z,True,False,False,True,,721,Bobby Dodd Stadium,59,Georgia Tech,fbs,ACC,,,,,,103,Boston College,fbs,ACC,,,,,,,,,6.129344713647271,9.3,-4.643531212630915,-8.5
401866450,2026,8,regular,2026-10-24T04:00:00.000Z,True,False,False,True,,3739,Glass Bowl,2649,Toledo,fbs,Mid-American,,,,,,2711,Western Michigan,fbs,Mid-American,,,,,,,,,4.035342090714397,6.0,-0.1835943338395365,-1.4
401862812,2026,9,regular,2026-10-29T04:00:00.000Z,True,False,False,True,,3825,DATCU Stadium,249,North Texas,fbs,American Athletic,,,,,,2226,Florida Atlantic,fbs,American Athletic,,,,,,,,,7.273833165668625,13.8,-7.954327133931199,-8.7
401862813,2026,9,regular,2026-10-30T04:00:00.000Z,True,False,False,True,,4418,Jerry Richardson Stadium,2429,Charlotte,fbs,American Athletic,,,,,,2655,Tulane,fbs,American Athletic,,,,,,,,,-17.345504478601242,-26.7,2.6787836041688293,6.3
401858278,2026,9,regular,2026-10-30T04:00:00.000Z,True,False,False,True,,1964,JMA Wireless Dome,183,Syracuse,fbs,ACC,,,,,,2567,SMU,fbs,ACC,,,,,,,,Will be played Oct. 30 or Oct. 31,-8.795570216842233,-13.1,9.584944651382775,13.4
401858277,2026,9,regular,2026-10-30T04:00:00.000Z,True,False,False,True,,3670,Carter-Finley Stadium,152,NC State,fbs,ACC,,,,,,25,California,fbs,ACC,,,,,,,,Will be played Oct. 30 or Oct. 31,4.379001235552232,4.8,-2.956324887796351,-3.2
401866451,2026,9,regular,2026-10-30T04:00:00.000Z,True,False,False,True,,3757,Hornet Stadium,16,Sacramento State,fbs,Mid-American,,,,,,2309,Kent State,fbs,Mid-American,,,,,,,,,,,-15.028327676365857,-19.3
401858283,2026,9,regular,2026-10-31T04:00:00.000Z,True,False,False,True,,3873,L&N Federal Credit Union Stadium,97,Louisville,fbs,ACC,,,,,,24,Stanford,fbs,ACC,,,,,,,,,7.876000526356302,12.4,-6.298182172490354,-11.8
401864531,2026,9,regular,2026-10-31T04:00:00.000Z,True,False,False,True,,3714,Fargodome,2449,North Dakota State,fbs,Mountain West,,,,,,2638,UTEP,fbs,Mountain West,,,,,,,,,,,-10.925472904729055,-17.5
401860908,2026,9,regular,2026-10-31T04:00:00.000Z,True,False,False,False,,3653,Albertsons Stadium,68,Boise State,fbs,Pac-12,,,,,,326,Texas State,fbs,Pac-12,,,,,,,,,2.340264139698954,3.1,1.8173930819668864,2.3
401862816,2026,9,regular,2026-10-31T04:00:00.000Z,True,False,False,True,,3886,Raymond James Stadium,58,South Florida,fbs,American Athletic,,,,,,5,UAB,fbs,American Athletic,,,,,,,,,8.882042757678047,11.6,-10.289782563338663,-15.8
401862814,2026,9,regular,2026-10-31T04:00:00.000Z,True,False,False,True,,3805,Simmons Bank Liberty Stadium,235,Memphis,fbs,American Athletic,,,,,,349,Army,fbs,American Athletic,,,,,,,,,2.836722465986789,7.6,-2.316955389121835,0.8
401864530,2026,9,regular,2026-10-31T04:00:00.000Z,True,False,False,True,,6501,Allegiant Stadium,2439,UNLV,fbs,Mountain West,,,,,,2459,Northern Illinois,fbs,Mountain West,,,,,,,,,1.663416426982159,4.3,-10.823582106411772,-16.7
401858281,2026,9,regular,2026-10-31T04:00:00.000Z,True,False,False,True,,3752,Acrisure Stadium,221,Pittsburgh,fbs,ACC,,,,,,59,Georgia Tech,fbs,ACC,,,,,,,,,5.696052770885623,8.4,6.129344713647271,9.3
401858279,2026,9,regular,2026-10-31T04:00:00.000Z,True,False,False,True,,3982,Wallace Wade Stadium,150,Duke,fbs,ACC,,,,,,103,Boston College,fbs,ACC,,,,,,,,,3.6816511094177145,6.6,-4.643531212630915,-8.5
401858280,2026,9,regular,2026-10-31T04:00:00.000Z,True,False,False,True,,3697,Doak Campbell Stadium,52,Florida State,fbs,ACC,,,,,,228,Clemson,fbs,ACC,,,,,,,,,4.530140271678208,7.2,8.19128633697738,9.5
401858284,2026,9,regular,2026-10-31T04:00:00.000Z,True,False,False,True,,3630,Allegacy Federal Credit Union Stadium,154,Wake Forest,fbs,ACC,,,,,,258,Virginia,fbs,ACC,,,,,,,,,1.9988560846284509,5.7,5.907986460984766,11.1
401858282,2026,9,regular,2026-10-31T04:00:00.000Z,True,False,False,True,,3787,Kenan Stadium,153,North Carolina,fbs,ACC,,,,,,2390,Miami,fbs,ACC,,,,,,,,,-4.9209574583406415,-6.6,14.665351850528298,20.7
401856737,2026,9,regular,2026-10-31T04:00:00.000Z,True,False,False,True,,3910,DKR-Texas Memorial Stadium,251,Texas,fbs,SEC,,,,,,344,Mississippi State,fbs,SEC,,,,,,,,,12.45207640875597,16.2,2.1111812540588133,4.1
401856843,2026,9,regular,2026-10-31T04:00:00.000Z,True,False,False,True,,3801,LaVell Edwards Stadium,252,BYU,fbs,Big 12,,,,,,9,Arizona State,fbs,Big 12,,,,,,,,,10.789621328567566,15.9,3.8983574163879062,3.9
401860910,2026,9,regular,2026-10-31T04:00:00.000Z,True,False,False,True,,3905,Maverik Stadium,328,Utah State,fbs,Pac-12,,,,,,36,Colorado State,fbs,Pac-12,,,,,,,,,-2.260534464630852,-3.1,-10.358706746414548,-15.6
401856842,2026,9,regular,2026-10-31T04:00:00.000Z,True,False,False,True,,3784,Jones AT&T Stadium,2641,Texas Tech,fbs,Big 12,,,,,,12,Arizona,fbs,Big 12,,,,,,,,,17.6991792937539,27.6,7.403131754301907,12.0
401856848,2026,9,regular,2026-10-31T04:00:00.000Z,True,False,False,True,,3854,Nippert Stadium,2132,Cincinnati,fbs,Big 12,,,,,,254,Utah,fbs,Big 12,,,,,,,,,2.670951635634245,4.5,13.988310372281004,22.2
401858505,2026,9,regular,2026-10-31T04:00:00.000Z,True,False,False,True,,3626,Autzen Stadium,2483,Oregon,fbs,Big Ten,,,,,,77,Northwestern,fbs,Big Ten,,,,,,,,,17.45461079235452,25.9,3.57554342897739,5.8
401858507,2026,9,regular,2026-10-31T04:00:00.000Z,True,False,False,True,,6577,SHI Stadium,164,Rutgers,fbs,Big Ten,,,,,,130,Michigan,fbs,Big Ten,,,,,,,,,0.8955656809735639,1.0,9.446327986321638,12.4
401858501,2026,9,regular,2026-10-31T04:00:00.000Z,True,False,False,True,,3830,"Memorial Stadium (Bloomington, IN)",84,Indiana,fbs,Big Ten,,,,,,135,Minnesota,fbs,Big Ten,,,,,,,,,22.018965910520933,32.4,0.8747571955119204,1.5
401858509,2026,9,regular,2026-10-31T04:00:00.000Z,True,False,False,True,,477,Los Angeles Memorial Coliseum,30,USC,fbs,Big Ten,,,,,,194,Ohio State,fbs,Big Ten,,,,,,,,,12.012121211063716,16.9,20.412432705449245,30.1
401858504,2026,9,regular,2026-10-31T04:00:00.000Z,True,False,False,True,,3834,"Memorial Stadium (Lincoln, NE)",158,Nebraska,fbs,Big Ten,,,,,,264,Washington,fbs,Big Ten,,,,,,,,,4.303561685092163,6.2,11.414099047867792,18.4
401858502,2026,9,regular,2026-10-31T04:00:00.000Z,True,False,False,True,,3793,Kinnick Stadium,2294,Iowa,fbs,Big Ten,,,,,,275,Wisconsin,fbs,Big Ten,,,,,,,,,12.63699576066072,19.7,-0.8877467159049215,-4.4
401858503,2026,9,regular,2026-10-31T04:00:00.000Z,True,False,False,True,,3665,SECU Stadium,120,Maryland,fbs,Big Ten,,,,,,356,Illinois,fbs,Big Ten,,,,,,,,,-1.4216318725694228,0.6,7.118538498166778,12.9
401858506,2026,9,regular,2026-10-31T04:00:00.000Z,True,False,False,True,,3632,Beaver Stadium,213,Penn State,fbs,Big Ten,,,,,,2509,Purdue,fbs,Big Ten,,,,,,,,,13.108973426889438,18.1,-4.50813200195571,-6.1
401866452,2026,9,regular,2026-10-31T04:00:00.000Z,True,False,False,True,,3980,Waldo Stadium,2711,Western Michigan,fbs,Mid-American,,,,,,189,Bowling Green,fbs,Mid-American,,,,,,,,,-0.1835943338395365,-1.4,-9.462107636422031,-12.6
401856736,2026,9,regular,2026-10-31T04:00:00.000Z,True,False,False,True,,3835,"Memorial Stadium (Norman, OK)",201,Oklahoma,fbs,SEC,,,,,,2579,South Carolina,fbs,SEC,,,,,,,,,12.17713073595135,18.3,5.815141074531684,5.9
401856845,2026,9,regular,2026-10-31T04:00:00.000Z,True,False,False,True,,3616,Amon G. Carter Stadium,2628,TCU,fbs,Big 12,,,,,,2305,Kansas,fbs,Big 12,,,,,,,,,6.264575408872811,8.3,2.362685970496978,4.1
401856847,2026,9,regular,2026-10-31T04:00:00.000Z,True,False,False,True,,3772,Jack Trice Stadium,66,Iowa State,fbs,Big 12,,,,,,197,Oklahoma State,fbs,Big 12,,,,,,,,,6.0671843891579345,9.9,-9.962268999294146,-15.1
401856844,2026,9,regular,2026-10-31T04:00:00.000Z,True,False,False,True,,3652,FBC Mortgage Stadium,2116,UCF,fbs,Big 12,,,,,,239,Baylor,fbs,Big 12,,,,,,,,,-1.101336881341057,-1.2,1.9959355568862849,1.4
401864529,2026,9,regular,2026-10-31T04:00:00.000Z,True,False,False,True,,3935,CEFCU Stadium,23,San José State,fbs,Mountain West,,,,,,167,New Mexico,fbs,Mountain West,,,,,,,,,-10.083470117202756,-14.3,-1.9330740047732964,0.9
401858508,2026,9,regular,2026-10-31T04:00:00.000Z,True,False,False,False,,1056,Rose Bowl,26,UCLA,fbs,Big Ten,,,,,,2440,Nevada,fbs,Mountain West,,,,,,,,,-4.79368522529276,-8.7,-9.108004380608008,-13.4
401856735,2026,9,regular,2026-10-31T04:00:00.000Z,True,False,False,True,,3974,Vaught-Hemingway Stadium,145,Ole Miss,fbs,SEC,,,,,,2,Auburn,fbs,SEC,,,,,,,,,15.07976744095631,24.0,7.453457920925981,11.6
401856734,2026,9,regular,2026-10-31T04:00:00.000Z,True,False,True,True,,5348,Mercedes-Benz Stadium,61,Georgia,fbs,SEC,,,,,,57,Florida,fbs,SEC,,,,,,,,,16.8327411286464,24.1,4.277491963455242,3.5
401856733,2026,9,regular,2026-10-31T04:00:00.000Z,True,False,False,True,,3887,Razorback Stadium,8,Arkansas,fbs,SEC,,,,,,142,Missouri,fbs,SEC,,,,,,,,,3.600665259775413,5.1,8.980910678143152,14.4
401856846,2026,9,regular,2026-10-31T04:00:00.000Z,True,False,False,True,,3726,Folsom Field,38,Colorado,fbs,Big 12,,,,,,2306,Kansas State,fbs,Big 12,,,,,,,,,-4.901429057985768,-8.3,5.543882663257685,7.0
401860909,2026,9,regular,2026-10-31T04:00:00.000Z,True,False,False,False,,7311,Snapdragon Stadium,21,San Diego State,fbs,Pac-12,,,,,,265,Washington State,fbs,Pac-12,,,,,,,,,3.0135965407925256,6.7,1.0901117343902982,3.8
401860924,2026,9,regular,2026-10-31T04:00:00.000Z,True,False,False,False,,3660,Valley Children's Stadium,278,Fresno State,fbs,Pac-12,,,,,,204,Oregon State,fbs,Pac-12,,,,,,,,Will be played Oct. 30 or Oct. 31,-0.8459897998591692,1.8,-9.86976662212677,-15.9
401859185,2026,9,regular,2026-10-31T04:00:00.000Z,True,False,True,False,,3738,Gillette Stadium,87,Notre Dame,fbs,FBS Independents,,,,,,2426,Navy,fbs,American Athletic,,,,,,,,,18.48132325852264,24.4,3.6151567164179106,6.2
401862815,2026,9,regular,2026-10-31T04:00:00.000Z,True,False,False,True,,3699,Dowdy-Ficklen Stadium,151,East Carolina,fbs,American Athletic,,,,,,218,Temple,fbs,American Athletic,,,,,,,,,4.212568586525315,8.0,-4.615399786530988,-5.1
401861966,2026,9,regular,2026-10-31T04:00:00.000Z,True,False,False,False,,3713,Falcon Stadium,2005,Air Force,fbs,Mountain West,,,,,,41,UConn,fbs,FBS Independents,,,,,,,,,-3.230343283582089,-3.2,1.006537706152533,5.1
401866454,2026,10,regular,2026-11-03T05:00:00.000Z,True,False,False,True,,3996,Yager Stadium,193,Miami (OH),fbs,Mid-American,,,,,,2084,Buffalo,fbs,Mid-American,,,,,,,,,-3.1775534402591803,-3.4,-6.622674488235944,-7.5
401866453,2026,10,regular,2026-11-03T05:00:00.000Z,True,False,False,True,,3768,InfoCision Stadium,2006,Akron,fbs,Mid-American,,,,,,195,Ohio,fbs,Mid-American,,,,,,,,,-11.378692054665397,-13.9,-1.7270115905927574,-4.0
401866457,2026,10,regular,2026-11-04T05:00:00.000Z,True,False,False,True,,3757,Hornet Stadium,16,Sacramento State,fbs,Mid-American,,,,,,2649,Toledo,fbs,Mid-American,,,,,,,,,,,4.035342090714397,6.0
401866456,2026,10,regular,2026-11-04T05:00:00.000Z,True,False,False,True,,3912,Rynearson Stadium,2199,Eastern Michigan,fbs,Mid-American,,,,,,2117,Central Michigan,fbs,Mid-American,,,,,,,,,-10.152992750332649,-14.7,-8.277083807944111,-8.8
401866455,2026,10,regular,2026-11-04T05:00:00.000Z,True,False,False,True,,3985,Warren McGuirk Alumni Stadium,113,Massachusetts,fbs,Mid-American,,,,,,2050,Ball State,fbs,Mid-American,,,,,,,,,-23.515507145934244,-36.6,-16.169764807426272,-23.0
401862817,2026,10,regular,2026-11-05T05:00:00.000Z,True,False,False,True,,3715,FAU Stadium,2226,Florida Atlantic,fbs,American Athletic,,,,,,2636,UTSA,fbs,American Athletic,,,,,,,,,-7.954327133931199,-8.7,3.509841263493014,3.7
401858288,2026,10,regular,2026-11-06T05:00:00.000Z,True,False,False,True,,3735,Gerald J. Ford Stadium,2567,SMU,fbs,ACC,,,,,,259,Virginia Tech,fbs,ACC,,,,,,,,Will be played Nov. 6 or Nov. 7,9.584944651382775,13.4,-4.313755640950693,-10.1
401862818,2026,10,regular,2026-11-06T05:00:00.000Z,True,False,False,True,,3699,Dowdy-Ficklen Stadium,151,East Carolina,fbs,American Athletic,,,,,,58,South Florida,fbs,American Athletic,,,,,,,,,4.212568586525315,8.0,8.882042757678047,11.6
401858285,2026,10,regular,2026-11-06T05:00:00.000Z,True,False,False,True,,1964,JMA Wireless Dome,183,Syracuse,fbs,ACC,,,,,,228,Clemson,fbs,ACC,,,,,,,,Will be played Nov. 6 or Nov. 7,-8.795570216842233,-13.1,8.19128633697738,9.5
401858286,2026,10,regular,2026-11-06T05:00:00.000Z,True,False,False,True,,3670,Carter-Finley Stadium,152,NC State,fbs,ACC,,,,,,150,Duke,fbs,ACC,,,,,,,,Will be played Nov. 6 or Nov. 7,4.379001235552232,4.8,3.6816511094177145,6.6
401858287,2026,10,regular,2026-11-06T05:00:00.000Z,True,False,False,True,,721,Bobby Dodd Stadium,59,Georgia Tech,fbs,ACC,,,,,,97,Louisville,fbs,ACC,,,,,,,,Will be played Nov. 6 or Nov. 7,6.129344713647271,9.3,7.876000526356302,12.4
401856850,2026,10,regular,2026-11-07T05:00:00.000Z,True,False,False,True,,3833,Memorial Stadium,2305,Kansas,fbs,Big 12,,,,,,2116,UCF,fbs,Big 12,,,,,,,,,2.362685970496978,4.1,-1.101336881341057,-1.2
401856744,2026,10,regular,2026-11-07T05:00:00.000Z,True,False,False,True,,3994,Williams-Brice Stadium,2579,South Carolina,fbs,SEC,,,,,,245,Texas A&M,fbs,SEC,,,,,,,,,5.815141074531684,5.9,14.4280651487751,20.7
401860912,2026,10,regular,2026-11-07T05:00:00.000Z,True,False,False,False,,3893,Reser Stadium,204,Oregon State,fbs,Pac-12,,,,,,326,Texas State,fbs,Pac-12,,,,,,,,,-9.86976662212677,-15.9,1.8173930819668864,2.3
401858514,2026,10,regular,2026-11-07T05:00:00.000Z,True,False,False,True,,3861,Ohio Stadium,194,Ohio State,fbs,Big Ten,,,,,,2483,Oregon,fbs,Big Ten,,,,,,,,,20.412432705449245,30.1,17.45461079235452,25.9
401858512,2026,10,regular,2026-11-07T05:00:00.000Z,True,False,False,True,,3953,Huntington Bank Stadium,135,Minnesota,fbs,Big Ten,,,,,,26,UCLA,fbs,Big Ten,,,,,,,,,0.8747571955119204,1.5,-4.79368522529276,-8.7
401862820,2026,10,regular,2026-11-07T05:00:00.000Z,True,False,False,True,,3852,Navy-Marine Corps Memorial Stadium,2426,Navy,fbs,American Athletic,,,,,,218,Temple,fbs,American Athletic,,,,,,,,,3.6151567164179106,6.2,-4.615399786530988,-5.1
401862822,2026,10,regular,2026-11-07T05:00:00.000Z,True,False,False,True,,4729,Yulman Stadium,2655,Tulane,fbs,American Athletic,,,,,,202,Tulsa,fbs,American Athletic,,,,,,,,,2.6787836041688293,6.3,-7.809272050450313,-10.0
401862819,2026,10,regular,2026-11-07T05:00:00.000Z,True,False,False,True,,7221,Protective Stadium,5,UAB,fbs,American Athletic,,,,,,2429,Charlotte,fbs,American Athletic,,,,,,,,,-10.289782563338663,-15.8,-17.345504478601242,-26.7
401856739,2026,10,regular,2026-11-07T05:00:00.000Z,True,False,False,True,,3634,Ben Hill Griffin Stadium,57,Florida,fbs,SEC,,,,,,201,Oklahoma,fbs,SEC,,,,,,,,,4.277491963455242,3.5,12.17713073595135,18.3
401856743,2026,10,regular,2026-11-07T05:00:00.000Z,True,False,False,True,,3838,Memorial Stadium,142,Missouri,fbs,SEC,,,,,,251,Texas,fbs,SEC,,,,,,,,,8.980910678143152,14.4,12.45207640875597,16.2
401856856,2026,10,regular,2026-11-07T05:00:00.000Z,True,False,False,True,,3784,Jones AT&T Stadium,2641,Texas Tech,fbs,Big 12,,,,,,277,West Virginia,fbs,Big 12,,,,,,,,,17.6991792937539,27.6,-4.889941995131068,-6.8
401856745,2026,10,regular,2026-11-07T05:00:00.000Z,True,False,False,True,,3853,Neyland Stadium,2633,Tennessee,fbs,SEC,,,,,,96,Kentucky,fbs,SEC,,,,,,,,,9.894871582442132,15.0,1.3204525927635191,1.8
401862821,2026,10,regular,2026-11-07T05:00:00.000Z,True,False,False,True,,3825,DATCU Stadium,249,North Texas,fbs,American Athletic,,,,,,242,Rice,fbs,American Athletic,,,,,,,,,7.273833165668625,13.8,-11.23273108593408,-14.8
401856741,2026,10,regular,2026-11-07T05:00:00.000Z,True,False,False,True,,3974,Vaught-Hemingway Stadium,145,Ole Miss,fbs,SEC,,,,,,61,Georgia,fbs,SEC,,,,,,,,,15.07976744095631,24.0,16.8327411286464,24.1
401856855,2026,10,regular,2026-11-07T05:00:00.000Z,True,False,False,True,,3619,Arizona Stadium,12,Arizona,fbs,Big 12,,,,,,2628,TCU,fbs,Big 12,,,,,,,,,7.403131754301907,12.0,6.264575408872811,8.3
401856852,2026,10,regular,2026-11-07T05:00:00.000Z,True,False,False,True,,3947,Mountain America Stadium,9,Arizona State,fbs,Big 12,,,,,,38,Colorado,fbs,Big 12,,,,,,,,,3.8983574163879062,3.9,-4.901429057985768,-8.3
401856738,2026,10,regular,2026-11-07T05:00:00.000Z,True,False,False,True,,3785,Jordan-Hare Stadium,2,Auburn,fbs,SEC,,,,,,8,Arkansas,fbs,SEC,,,,,,,,,7.453457920925981,11.6,3.600665259775413,5.1
401858290,2026,10,regular,2026-11-07T05:00:00.000Z,True,False,False,False,,3630,Allegacy Federal Credit Union Stadium,154,Wake Forest,fbs,ACC,,,,,,2771,Merrimack,fcs,FCS Independents,,,,,,,,,1.9988560846284509,5.7,,
401864535,2026,10,regular,2026-11-07T05:00:00.000Z,True,False,False,True,,6501,Allegiant Stadium,2439,UNLV,fbs,Mountain West,,,,,,2751,Wyoming,fbs,Mountain West,,,,,,,,,1.663416426982159,4.3,-7.474915292494448,-11.3
401856740,2026,10,regular,2026-11-07T05:00:00.000Z,True,False,False,True,,3958,Tiger Stadium (LA),99,LSU,fbs,SEC,,,,,,333,Alabama,fbs,SEC,,,,,,,,,7.929507674598161,10.3,12.012093054306495,14.8
401862823,2026,10,regular,2026-11-07T05:00:00.000Z,True,False,False,False,,3841,Michie Stadium,349,Army,fbs,American Athletic,,,,,,2005,Air Force,fbs,Mountain West,,,,,,,,,-2.316955389121835,0.8,-3.230343283582089,-3.2
401856854,2026,10,regular,2026-11-07T05:00:00.000Z,True,False,False,True,,3636,Bill Snyder Family Stadium,2306,Kansas State,fbs,Big 12,,,,,,197,Oklahoma State,fbs,Big 12,,,,,,,,,5.543882663257685,7.0,-9.962268999294146,-15.1
401858289,2026,10,regular,2026-11-07T05:00:00.000Z,True,False,False,True,,3615,"Alumni Stadium (Chestnut Hill, MA)",103,Boston College,fbs,ACC,,,,,,52,Florida State,fbs,ACC,,,,,,,,,-4.643531212630915,-8.5,4.530140271678208,7.2
401864533,2026,10,regular,2026-11-07T05:00:00.000Z,True,False,False,True,,3816,Mackay Stadium,2440,Nevada,fbs,Mountain West,,,,,,167,New Mexico,fbs,Mountain West,,,,,,,,,-9.108004380608008,-13.4,-1.9330740047732964,0.9
401864534,2026,10,regular,2026-11-07T05:00:00.000Z,True,False,False,True,,3935,CEFCU Stadium,23,San José State,fbs,Mountain West,,,,,,2459,Northern Illinois,fbs,Mountain West,,,,,,,,,-10.083470117202756,-14.3,-10.823582106411772,-16.7
401864532,2026,10,regular,2026-11-07T05:00:00.000Z,True,False,False,True,,3946,Sun Bowl,2638,UTEP,fbs,Mountain West,,,,,,62,Hawai'i,fbs,Mountain West,,,,,,,,,-10.925472904729055,-17.5,-1.3547865732703483,1.7
401856853,2026,10,regular,2026-11-07T05:00:00.000Z,True,False,False,True,,4727,McLane Stadium,239,Baylor,fbs,Big 12,,,,,,66,Iowa State,fbs,Big 12,,,,,,,,,1.9959355568862849,1.4,6.0671843891579345,9.9
401858291,2026,10,regular,2026-11-07T05:00:00.000Z,True,False,False,False,,3855,Notre Dame Stadium,87,Notre Dame,fbs,FBS Independents,,,,,,2390,Miami,fbs,ACC,,,,,,,,,18.48132325852264,24.4,14.665351850528298,20.7
401858292,2026,10,regular,2026-11-07T05:00:00.000Z,True,False,False,False,,3892,Pratt & Whitney Stadium,41,UConn,fbs,FBS Independents,,,,,,153,North Carolina,fbs,ACC,,,,,,,,,1.006537706152533,5.1,-4.9209574583406415,-6.6
401860913,2026,10,regular,2026-11-07T05:00:00.000Z,True,False,False,True,,3905,Maverik Stadium,328,Utah State,fbs,Pac-12,,,,,,278,Fresno State,fbs,Pac-12,,,,,,,,,-2.260534464630852,-3.1,-0.8459897998591692,1.8
401858515,2026,10,regular,2026-11-07T05:00:00.000Z,True,False,False,True,,3907,Ross-Ade Stadium,2509,Purdue,fbs,Big Ten,,,,,,120,Maryland,fbs,Big Ten,,,,,,,,,-4.50813200195571,-6.1,-1.4216318725694228,0.6
401858511,2026,10,regular,2026-11-07T05:00:00.000Z,True,False,False,True,,3558,Michigan Stadium,130,Michigan,fbs,Big Ten,,,,,,127,Michigan State,fbs,Big Ten,,,,,,,,,9.446327986321638,12.4,-0.9993838740226948,-3.4
401858516,2026,10,regular,2026-11-07T05:00:00.000Z,True,False,False,True,,3765,Husky Stadium,264,Washington,fbs,Big Ten,,,,,,213,Penn State,fbs,Big Ten,,,,,,,,,11.414099047867792,18.4,13.108973426889438,18.1
401860911,2026,10,regular,2026-11-07T05:00:00.000Z,True,False,False,True,,5388,Canvas Stadium,36,Colorado State,fbs,Pac-12,,,,,,68,Boise State,fbs,Pac-12,,,,,,,,,-10.358706746414548,-15.6,2.340264139698954,3.1
401856849,2026,10,regular,2026-11-07T05:00:00.000Z,True,False,False,True,,587,Rice-Eccles Stadium,254,Utah,fbs,Big 12,,,,,,252,BYU,fbs,Big 12,,,,,,,,,13.988310372281004,22.2,10.789621328567566,15.9
401858510,2026,10,regular,2026-11-07T05:00:00.000Z,True,False,False,True,,3832,"Memorial Stadium (Champaign, IL)",356,Illinois,fbs,Big Ten,,,,,,158,Nebraska,fbs,Big Ten,,,,,,,,,7.118538498166778,12.9,4.303561685092163,6.2
401858517,2026,10,regular,2026-11-07T05:00:00.000Z,True,False,False,True,,347,Camp Randall Stadium,275,Wisconsin,fbs,Big Ten,,,,,,164,Rutgers,fbs,Big Ten,,,,,,,,,-0.8877467159049215,-4.4,0.8955656809735639,1.0
401856851,2026,10,regular,2026-11-07T05:00:00.000Z,True,False,False,True,,4728,TDECU Stadium,248,Houston,fbs,Big 12,,,,,,2132,Cincinnati,fbs,Big 12,,,,,,,,,4.627377792543724,7.4,2.670951635634245,4.5
401858513,2026,10,regular,2026-11-07T05:00:00.000Z,True,False,True,True,,11823,Ryan Field,77,Northwestern,fbs,Big Ten,,,,,,2294,Iowa,fbs,Big Ten,,,,,,,,,3.57554342897739,5.8,12.63699576066072,19.7
401856742,2026,10,regular,2026-11-07T05:00:00.000Z,True,False,False,True,,3693,Davis Wade Stadium,344,Mississippi State,fbs,SEC,,,,,,238,Vanderbilt,fbs,SEC,,,,,,,,,2.1111812540588133,4.1,13.5246617202993,20.3
401866459,2026,11,regular,2026-11-10T05:00:00.000Z,True,False,False,True,,3700,Doyt L. Perry Stadium,189,Bowling Green,fbs,Mid-American,,,,,,2309,Kent State,fbs,Mid-American,,,,,,,,,-9.462107636422031,-12.6,-15.028327676365857,-19.3
401866458,2026,11,regular,2026-11-10T05:00:00.000Z,True,False,False,True,,3768,InfoCision Stadium,2006,Akron,fbs,Mid-American,,,,,,2711,Western Michigan,fbs,Mid-American,,,,,,,,,-11.378692054665397,-13.9,-0.1835943338395365,-1.4
401866460,2026,11,regular,2026-11-10T05:00:00.000Z,True,False,False,True,,3996,Yager Stadium,193,Miami (OH),fbs,Mid-American,,,,,,195,Ohio,fbs,Mid-American,,,,,,,,,-3.1775534402591803,-3.4,-1.7270115905927574,-4.0
401866463,2026,11,regular,2026-11-11T05:00:00.000Z,True,False,False,True,,3739,Glass Bowl,2649,Toledo,fbs,Mid-American,,,,,,113,Massachusetts,fbs,Mid-American,,,,,,,,,4.035342090714397,6.0,-23.515507145934244,-36.6
401866461,2026,11,regular,2026-11-11T05:00:00.000Z,True,False,False,True,,3919,Scheumann Stadium,2050,Ball State,fbs,Mid-American,,,,,,2084,Buffalo,fbs,Mid-American,,,,,,,,,-16.169764807426272,-23.0,-6.622674488235944,-7.5
401866462,2026,11,regular,2026-11-11T05:00:00.000Z,True,False,False,True,,3786,Kelly/Shorts Stadium,2117,Central Michigan,fbs,Mid-American,,,,,,16,Sacramento State,fbs,Mid-American,,,,,,,,,-8.277083807944111,-8.8,,
401862824,2026,11,regular,2026-11-12T05:00:00.000Z,True,False,False,True,,3886,Raymond James Stadium,58,South Florida,fbs,American Athletic,,,,,,235,Memphis,fbs,American Athletic,,,,,,,,,8.882042757678047,11.6,2.836722465986789,7.6
401858293,2026,11,regular,2026-11-13T05:00:00.000Z,True,False,False,True,,3752,Acrisure Stadium,221,Pittsburgh,fbs,ACC,,,,,,52,Florida State,fbs,ACC,,,,,,,,Will be played Nov. 13 or Nov. 14,5.696052770885623,8.4,4.530140271678208,7.2
401856858,2026,11,regular,2026-11-14T05:00:00.000Z,True,False,False,True,,3801,LaVell Edwards Stadium,252,BYU,fbs,Big 12,,,,,,239,Baylor,fbs,Big 12,,,,,,,,,10.789621328567566,15.9,1.9959355568862849,1.4
401858519,2026,11,regular,2026-11-14T05:00:00.000Z,True,False,False,True,,3793,Kinnick Stadium,2294,Iowa,fbs,Big Ten,,,,,,2509,Purdue,fbs,Big Ten,,,,,,,,,12.63699576066072,19.7,-4.50813200195571,-6.1
401856862,2026,11,regular,2026-11-14T05:00:00.000Z,True,False,False,True,,3616,Amon G. Carter Stadium,2628,TCU,fbs,Big 12,,,,,,2306,Kansas State,fbs,Big 12,,,,,,,,,6.264575408872811,8.3,5.543882663257685,7.0
401864536,2026,11,regular,2026-11-14T05:00:00.000Z,True,False,False,True,,3764,Huskie Stadium,2459,Northern Illinois,fbs,Mountain West,,,,,,2440,Nevada,fbs,Mountain West,,,,,,,,,-10.823582106411772,-16.7,-9.108004380608008,-13.4
401858525,2026,11,regular,2026-11-14T05:00:00.000Z,True,False,False,True,,6577,SHI Stadium,164,Rutgers,fbs,Big Ten,,,,,,158,Nebraska,fbs,Big Ten,,,,,,,,,0.8955656809735639,1.0,4.303561685092163,6.2
401856883,2026,11,regular,2026-11-14T05:00:00.000Z,True,False,False,True,,3917,Sanford Stadium,61,Georgia,fbs,SEC,,,,,,142,Missouri,fbs,SEC,,,,,,,,,16.8327411286464,24.1,8.980910678143152,14.4
401858522,2026,11,regular,2026-11-14T05:00:00.000Z,True,False,False,True,,3861,Ohio Stadium,194,Ohio State,fbs,Big Ten,,,,,,77,Northwestern,fbs,Big Ten,,,,,,,,,20.412432705449245,30.1,3.57554342897739,5.8
401864540,2026,11,regular,2026-11-14T05:00:00.000Z,True,False,False,True,,3946,Sun Bowl,2638,UTEP,fbs,Mountain West,,,,,,2751,Wyoming,fbs,Mountain West,,,,,,,,,-10.925472904729055,-17.5,-7.474915292494448,-11.3
401856885,2026,11,regular,2026-11-14T05:00:00.000Z,True,False,False,True,,3958,Tiger Stadium (LA),99,LSU,fbs,SEC,,,,,,251,Texas,fbs,SEC,,,,,,,,,7.929507674598161,10.3,12.45207640875597,16.2
401862827,2026,11,regular,2026-11-14T05:00:00.000Z,True,False,False,True,,3604,Alamodome,2636,UTSA,fbs,American Athletic,,,,,,249,North Texas,fbs,American Athletic,,,,,,,,,3.509841263493014,3.7,7.273833165668625,13.8
401864537,2026,11,regular,2026-11-14T05:00:00.000Z,True,False,False,True,,7220,Clarence T.C. Ching Athletics Complex,62,Hawai'i,fbs,Mountain West,,,,,,2449,North Dakota State,fbs,Mountain West,,,,,,,,,-1.3547865732703483,1.7,,
401858524,2026,11,regular,2026-11-14T05:00:00.000Z,True,False,False,True,,3632,Beaver Stadium,213,Penn State,fbs,Big Ten,,,,,,135,Minnesota,fbs,Big Ten,,,,,,,,,13.108973426889438,18.1,0.8747571955119204,1.5
401858299,2026,11,regular,2026-11-14T05:00:00.000Z,True,False,False,True,,3799,Lane Stadium,259,Virginia Tech,fbs,ACC,,,,,,24,Stanford,fbs,ACC,,,,,,,,,-4.313755640950693,-10.1,-6.298182172490354,-11.8
401858523,2026,11,regular,2026-11-14T05:00:00.000Z,True,False,False,True,,3626,Autzen Stadium,2483,Oregon,fbs,Big Ten,,,,,,130,Michigan,fbs,Big Ten,,,,,,,,,17.45461079235452,25.9,9.446327986321638,12.4
401856861,2026,11,regular,2026-11-14T05:00:00.000Z,True,False,False,True,,3842,Milan Puskar Stadium,277,West Virginia,fbs,Big 12,,,,,,2305,Kansas,fbs,Big 12,,,,,,,,,-4.889941995131068,-6.8,2.362685970496978,4.1
401858301,2026,11,regular,2026-11-14T05:00:00.000Z,True,False,False,True,,3735,Gerald J. Ford Stadium,2567,SMU,fbs,ACC,,,,,,154,Wake Forest,fbs,ACC,,,,,,,,,9.584944651382775,13.4,1.9988560846284509,5.7
401860917,2026,11,regular,2026-11-14T05:00:00.000Z,True,False,False,False,,3820,Gesa Field,265,Washington State,fbs,Pac-12,,,,,,36,Colorado State,fbs,Pac-12,,,,,,,,,1.0901117343902982,3.8,-10.358706746414548,-15.6
401856887,2026,11,regular,2026-11-14T05:00:00.000Z,True,False,False,True,,3835,"Memorial Stadium (Norman, OK)",201,Oklahoma,fbs,SEC,,,,,,145,Ole Miss,fbs,SEC,,,,,,,,,12.17713073595135,18.3,15.07976744095631,24.0
401858295,2026,11,regular,2026-11-14T05:00:00.000Z,True,False,False,True,,3923,Scott Stadium,258,Virginia,fbs,ACC,,,,,,25,California,fbs,ACC,,,,,,,,,5.907986460984766,11.1,-2.956324887796351,-3.2
401856864,2026,11,regular,2026-11-14T05:00:00.000Z,True,False,False,True,,3619,Arizona Stadium,12,Arizona,fbs,Big 12,,,,,,254,Utah,fbs,Big 12,,,,,,,,,7.403131754301907,12.0,13.988310372281004,22.2
401864539,2026,11,regular,2026-11-14T05:00:00.000Z,True,False,False,True,,3971,University Stadium (NM),167,New Mexico,fbs,Mountain West,,,,,,2439,UNLV,fbs,Mountain West,,,,,,,,,-1.9330740047732964,0.9,1.663416426982159,4.3
401856888,2026,11,regular,2026-11-14T05:00:00.000Z,True,False,False,True,,3795,Kyle Field,245,Texas A&M,fbs,SEC,,,,,,2633,Tennessee,fbs,SEC,,,,,,,,,14.4280651487751,20.7,9.894871582442132,15.0
401856882,2026,11,regular,2026-11-14T05:00:00.000Z,True,False,False,True,,3887,Razorback Stadium,8,Arkansas,fbs,SEC,,,,,,2579,South Carolina,fbs,SEC,,,,,,,,,3.600665259775413,5.1,5.815141074531684,5.9
401856886,2026,11,regular,2026-11-14T05:00:00.000Z,True,False,False,True,,3693,Davis Wade Stadium,344,Mississippi State,fbs,SEC,,,,,,2,Auburn,fbs,SEC,,,,,,,,,2.1111812540588133,4.1,7.453457920925981,11.6
401862828,2026,11,regular,2026-11-14T05:00:00.000Z,True,False,False,True,,3895,Rice Stadium,242,Rice,fbs,American Athletic,,,,,,2655,Tulane,fbs,American Athletic,,,,,,,,,-11.23273108593408,-14.8,2.6787836041688293,6.3
401856859,2026,11,regular,2026-11-14T05:00:00.000Z,True,False,False,True,,3772,Jack Trice Stadium,66,Iowa State,fbs,Big 12,,,,,,2132,Cincinnati,fbs,Big 12,,,,,,,,,6.0671843891579345,9.9,2.670951635634245,4.5
401858520,2026,11,regular,2026-11-14T05:00:00.000Z,True,False,False,True,,3665,SECU Stadium,120,Maryland,fbs,Big Ten,,,,,,275,Wisconsin,fbs,Big Ten,,,,,,,,,-1.4216318725694228,0.6,-0.8877467159049215,-4.4
401862825,2026,11,regular,2026-11-14T05:00:00.000Z,True,False,False,True,,4418,Jerry Richardson Stadium,2429,Charlotte,fbs,American Athletic,,,,,,151,East Carolina,fbs,American Athletic,,,,,,,,,-17.345504478601242,-26.7,4.212568586525315,8.0
401856889,2026,11,regular,2026-11-14T05:00:00.000Z,True,False,False,True,,3973,FirstBank Stadium,238,Vanderbilt,fbs,SEC,,,,,,333,Alabama,fbs,SEC,,,,,,,,,13.5246617202993,20.3,12.012093054306495,14.8
401856884,2026,11,regular,2026-11-14T05:00:00.000Z,True,False,False,True,,3683,Kroger Field,96,Kentucky,fbs,SEC,,,,,,57,Florida,fbs,SEC,,,,,,,,,1.3204525927635191,1.8,4.277491963455242,3.5
401860916,2026,11,regular,2026-11-14T05:00:00.000Z,True,False,False,False,,3644,Bobcat Stadium (TX),326,Texas State,fbs,Pac-12,,,,,,278,Fresno State,fbs,Pac-12,,,,,,,,,1.8173930819668864,2.3,-0.8459897998591692,1.8
401858526,2026,11,regular,2026-11-14T05:00:00.000Z,True,False,False,True,,1056,Rose Bowl,26,UCLA,fbs,Big Ten,,,,,,356,Illinois,fbs,Big Ten,,,,,,,,,-4.79368522529276,-8.7,7.118538498166778,12.9
401858296,2026,11,regular,2026-11-14T05:00:00.000Z,True,False,False,True,,3948,Hard Rock Stadium,2390,Miami,fbs,ACC,,,,,,150,Duke,fbs,ACC,,,,,,,,,14.665351850528298,20.7,3.6816511094177145,6.6
401856860,2026,11,regular,2026-11-14T05:00:00.000Z,True,False,False,True,,3726,Folsom Field,38,Colorado,fbs,Big 12,,,,,,248,Houston,fbs,Big 12,,,,,,,,,-4.901429057985768,-8.3,4.627377792543724,7.4
401858294,2026,11,regular,2026-11-14T05:00:00.000Z,True,False,False,False,,3855,Notre Dame Stadium,87,Notre Dame,fbs,FBS Independents,,,,,,103,Boston College,fbs,ACC,,,,,,,,,18.48132325852264,24.4,-4.643531212630915,-8.5
401860914,2026,11,regular,2026-11-14T05:00:00.000Z,True,False,False,False,,3653,Albertsons Stadium,68,Boise State,fbs,Pac-12,,,,,,204,Oregon State,fbs,Pac-12,,,,,,,,,2.340264139698954,3.1,-9.86976662212677,-15.9
401858521,2026,11,regular,2026-11-14T05:00:00.000Z,True,False,False,True,,3936,Spartan Stadium,127,Michigan State,fbs,Big Ten,,,,,,264,Washington,fbs,Big Ten,,,,,,,,,-0.9993838740226948,-3.4,11.414099047867792,18.4
401864538,2026,11,regular,2026-11-14T05:00:00.000Z,True,False,False,True,,3713,Falcon Stadium,2005,Air Force,fbs,Mountain West,,,,,,23,San José State,fbs,Mountain West,,,,,,,,,-3.230343283582089,-3.2,-10.083470117202756,-14.3
401860915,2026,11,regular,2026-11-14T05:00:00.000Z,True,False,False,True,,7311,Snapdragon Stadium,21,San Diego State,fbs,Pac-12,,,,,,328,Utah State,fbs,Pac-12,,,,,,,,,3.0135965407925256,6.7,-2.260534464630852,-3.1
401858518,2026,11,regular,2026-11-14T05:00:00.000Z,True,False,False,True,,3830,"Memorial Stadium (Bloomington, IN)",84,Indiana,fbs,Big Ten,,,,,,30,USC,fbs,Big Ten,,,,,,,,,22.018965910520933,32.4,12.012121211063716,16.9
401858298,2026,11,regular,2026-11-14T05:00:00.000Z,True,False,False,True,,3787,Kenan Stadium,153,North Carolina,fbs,ACC,,,,,,97,Louisville,fbs,ACC,,,,,,,,,-4.9209574583406415,-6.6,7.876000526356302,12.4
401862829,2026,11,regular,2026-11-14T05:00:00.000Z,True,False,False,True,,3806,Lincoln Financial Field,218,Temple,fbs,American Athletic,,,,,,5,UAB,fbs,American Athletic,,,,,,,,,-4.615399786530988,-5.1,-10.289782563338663,-15.8
401856863,2026,11,regular,2026-11-14T05:00:00.000Z,True,False,False,True,,3646,Boone Pickens Stadium,197,Oklahoma State,fbs,Big 12,,,,,,2641,Texas Tech,fbs,Big 12,,,,,,,,,-9.962268999294146,-15.1,17.6991792937539,27.6
401862826,2026,11,regular,2026-11-14T05:00:00.000Z,True,False,False,True,,3674,Chapman Stadium,202,Tulsa,fbs,American Athletic,,,,,,2226,Florida Atlantic,fbs,American Athletic,,,,,,,,,-7.809272050450313,-10.0,-7.954327133931199,-8.7
401858297,2026,11,regular,2026-11-14T05:00:00.000Z,True,False,False,True,,3836,"Memorial Stadium (Clemson, SC)",228,Clemson,fbs,ACC,,,,,,59,Georgia Tech,fbs,ACC,,,,,,,,,8.19128633697738,9.5,6.129344713647271,9.3
401861967,2026,11,regular,2026-11-14T05:00:00.000Z,True,False,False,False,,3892,Pratt & Whitney Stadium,41,UConn,fbs,FBS Independents,,,,,,256,James Madison,fbs,Sun Belt,,,,,,,,,1.006537706152533,5.1,8.632344875551244,12.3
401856857,2026,11,regular,2026-11-14T05:00:00.000Z,True,False,False,True,,3652,FBC Mortgage Stadium,2116,UCF,fbs,Big 12,,,,,,9,Arizona State,fbs,Big 12,,,,,,,,,-1.101336881341057,-1.2,3.8983574163879062,3.9
401858300,2026,11,regular,2026-11-14T05:00:00.000Z,True,False,False,True,,3670,Carter-Finley Stadium,152,NC State,fbs,ACC,,,,,,183,Syracuse,fbs,ACC,,,,,,,,,4.379001235552232,4.8,-8.795570216842233,-13.1
401866465,2026,12,regular,2026-11-17T05:00:00.000Z,True,False,False,True,,3980,Waldo Stadium,2711,Western Michigan,fbs,Mid-American,,,,,,2199,Eastern Michigan,fbs,Mid-American,,,,,,,,,-0.1835943338395365,-1.4,-10.152992750332649,-14.7
401866464,2026,12,regular,2026-11-17T05:00:00.000Z,True,False,False,True,,3876,Peden Stadium,195,Ohio,fbs,Mid-American,,,,,,2050,Ball State,fbs,Mid-American,,,,,,,,,-1.7270115905927574,-4.0,-16.169764807426272,-23.0
401866466,2026,12,regular,2026-11-17T05:00:00.000Z,True,False,False,True,,3696,Dix Stadium,2309,Kent State,fbs,Mid-American,,,,,,193,Miami (OH),fbs,Mid-American,,,,,,,,,-15.028327676365857,-19.3,-3.1775534402591803,-3.4
401866467,2026,12,regular,2026-11-18T05:00:00.000Z,True,False,False,True,,3985,Warren McGuirk Alumni Stadium,113,Massachusetts,fbs,Mid-American,,,,,,2006,Akron,fbs,Mid-American,,,,,,,,,-23.515507145934244,-36.6,-11.378692054665397,-13.9
401866469,2026,12,regular,2026-11-18T05:00:00.000Z,True,False,False,True,,3965,UB Stadium,2084,Buffalo,fbs,Mid-American,,,,,,2117,Central Michigan,fbs,Mid-American,,,,,,,,,-6.622674488235944,-7.5,-8.277083807944111,-8.8
401866468,2026,12,regular,2026-11-18T05:00:00.000Z,True,False,False,True,,3739,Glass Bowl,2649,Toledo,fbs,Mid-American,,,,,,189,Bowling Green,fbs,Mid-American,,,,,,,,,4.035342090714397,6.0,-9.462107636422031,-12.6
401862830,2026,12,regular,2026-11-19T05:00:00.000Z,True,False,False,True,,3806,Lincoln Financial Field,218,Temple,fbs,American Athletic,,,,,,242,Rice,fbs,American Athletic,,,,,,,,,-4.615399786530988,-5.1,-11.23273108593408,-14.8
401858302,2026,12,regular,2026-11-20T05:00:00.000Z,True,False,False,True,,3948,Hard Rock Stadium,2390,Miami,fbs,ACC,,,,,,259,Virginia Tech,fbs,ACC,,,,,,,,Will be played Nov. 20 or Nov. 21,14.665351850528298,20.7,-4.313755640950693,-10.1
401860919,2026,12,regular,2026-11-21T05:00:00.000Z,True,False,False,False,,3893,Reser Stadium,204,Oregon State,fbs,Pac-12,,,,,,328,Utah State,fbs,Pac-12,,,,,,,,,-9.86976662212677,-15.9,-2.260534464630852,-3.1
401858303,2026,12,regular,2026-11-21T05:00:00.000Z,True,False,False,True,,3982,Wallace Wade Stadium,150,Duke,fbs,ACC,,,,,,228,Clemson,fbs,ACC,,,,,,,,,3.6816511094177145,6.6,8.19128633697738,9.5
401856871,2026,12,regular,2026-11-21T05:00:00.000Z,True,False,False,True,,4727,McLane Stadium,239,Baylor,fbs,Big 12,,,,,,2641,Texas Tech,fbs,Big 12,,,,,,,,,1.9959355568862849,1.4,17.6991792937539,27.6
401858306,2026,12,regular,2026-11-21T05:00:00.000Z,True,False,False,True,,3873,L&N Federal Credit Union Stadium,97,Louisville,fbs,ACC,,,,,,221,Pittsburgh,fbs,ACC,,,,,,,,,7.876000526356302,12.4,5.696052770885623,8.4
401858309,2026,12,regular,2026-11-21T05:00:00.000Z,True,False,False,True,,3615,"Alumni Stadium (Chestnut Hill, MA)",103,Boston College,fbs,ACC,,,,,,183,Syracuse,fbs,ACC,,,,,,,,,-4.643531212630915,-8.5,-8.795570216842233,-13.1
401858310,2026,12,regular,2026-11-21T05:00:00.000Z,True,False,False,True,,721,Bobby Dodd Stadium,59,Georgia Tech,fbs,ACC,,,,,,154,Wake Forest,fbs,ACC,,,,,,,,,6.129344713647271,9.3,1.9988560846284509,5.7
401858305,2026,12,regular,2026-11-21T05:00:00.000Z,True,False,False,True,,3923,Scott Stadium,258,Virginia,fbs,ACC,,,,,,153,North Carolina,fbs,ACC,,,,,,,,,5.907986460984766,11.1,-4.9209574583406415,-6.6
401858304,2026,12,regular,2026-11-21T05:00:00.000Z,True,False,False,True,,3697,Doak Campbell Stadium,52,Florida State,fbs,ACC,,,,,,152,NC State,fbs,ACC,,,,,,,,,4.530140271678208,7.2,4.379001235552232,4.8
401858307,2026,12,regular,2026-11-21T05:00:00.000Z,True,False,False,False,,3855,Notre Dame Stadium,87,Notre Dame,fbs,FBS Independents,,,,,,2567,SMU,fbs,ACC,,,,,,,,,18.48132325852264,24.4,9.584944651382775,13.4
401856869,2026,12,regular,2026-11-21T05:00:00.000Z,True,False,False,True,,3652,FBC Mortgage Stadium,2116,UCF,fbs,Big 12,,,,,,66,Iowa State,fbs,Big 12,,,,,,,,,-1.101336881341057,-1.2,6.0671843891579345,9.9
401864543,2026,12,regular,2026-11-21T05:00:00.000Z,True,False,False,True,,3714,Fargodome,2449,North Dakota State,fbs,Mountain West,,,,,,2459,Northern Illinois,fbs,Mountain West,,,,,,,,,,,-10.823582106411772,-16.7
401864541,2026,12,regular,2026-11-21T05:00:00.000Z,True,False,False,True,,3816,Mackay Stadium,2440,Nevada,fbs,Mountain West,,,,,,62,Hawai'i,fbs,Mountain West,,,,,,,,,-9.108004380608008,-13.4,-1.3547865732703483,1.7
401862831,2026,12,regular,2026-11-21T05:00:00.000Z,True,False,False,True,,3841,Michie Stadium,349,Army,fbs,American Athletic,,,,,,151,East Carolina,fbs,American Athletic,,,,,,,,,-2.316955389121835,0.8,4.212568586525315,8.0
401864542,2026,12,regular,2026-11-21T05:00:00.000Z,True,False,False,True,,3984,War Memorial Stadium,2751,Wyoming,fbs,Mountain West,,,,,,167,New Mexico,fbs,Mountain West,,,,,,,,,-7.474915292494448,-11.3,-1.9330740047732964,0.9
401856865,2026,12,regular,2026-11-21T05:00:00.000Z,True,False,False,True,,3636,Bill Snyder Family Stadium,2306,Kansas State,fbs,Big 12,,,,,,12,Arizona,fbs,Big 12,,,,,,,,,5.543882663257685,7.0,7.403131754301907,12.0
401856867,2026,12,regular,2026-11-21T05:00:00.000Z,True,False,False,True,,3854,Nippert Stadium,2132,Cincinnati,fbs,Big 12,,,,,,38,Colorado,fbs,Big 12,,,,,,,,,2.670951635634245,4.5,-4.901429057985768,-8.3
401864544,2026,12,regular,2026-11-21T05:00:00.000Z,True,False,False,True,,3935,CEFCU Stadium,23,San José State,fbs,Mountain West,,,,,,2439,UNLV,fbs,Mountain West,,,,,,,,,-10.083470117202756,-14.3,1.663416426982159,4.3
401858308,2026,12,regular,2026-11-21T05:00:00.000Z,True,False,False,True,,3831,California Memorial Stadium,25,California,fbs,ACC,,,,,,24,Stanford,fbs,ACC,,,,,,,,,-2.956324887796351,-3.2,-6.298182172490354,-11.8
401862834,2026,12,regular,2026-11-21T05:00:00.000Z,True,False,False,True,,3852,Navy-Marine Corps Memorial Stadium,2426,Navy,fbs,American Athletic,,,,,,235,Memphis,fbs,American Athletic,,,,,,,,,3.6151567164179106,6.2,2.836722465986789,7.6
401856749,2026,12,regular,2026-11-21T05:00:00.000Z,True,False,False,False,,3974,Vaught-Hemingway Stadium,145,Ole Miss,fbs,SEC,,,,,,2747,Wofford,fcs,Southern,,,,,,,,,15.07976744095631,24.0,,
401856870,2026,12,regular,2026-11-21T05:00:00.000Z,True,False,False,True,,3947,Mountain America Stadium,9,Arizona State,fbs,Big 12,,,,,,197,Oklahoma State,fbs,Big 12,,,,,,,,,3.8983574163879062,3.9,-9.962268999294146,-15.1
401858533,2026,12,regular,2026-11-21T05:00:00.000Z,True,False,False,True,,3907,Ross-Ade Stadium,2509,Purdue,fbs,Big Ten,,,,,,275,Wisconsin,fbs,Big Ten,,,,,,,,,-4.50813200195571,-6.1,-0.8877467159049215,-4.4
401856746,2026,12,regular,2026-11-21T05:00:00.000Z,True,False,False,False,,3657,Bryant-Denny Stadium,333,Alabama,fbs,SEC,,,,,,236,Chattanooga,fcs,Southern,,,,,,,,,12.012093054306495,14.8,,
401856747,2026,12,regular,2026-11-21T05:00:00.000Z,True,False,False,False,,3785,Jordan-Hare Stadium,2,Auburn,fbs,SEC,,,,,,2535,Samford,fcs,Southern,,,,,,,,,7.453457920925981,11.6,,
401860925,2026,12,regular,2026-11-21T05:00:00.000Z,True,False,False,True,,3653,Albertsons Stadium,68,Boise State,fbs,Pac-12,,,,,,21,San Diego State,fbs,Pac-12,,,,,,,,Will be played Nov. 20 or Nov. 21,2.340264139698954,3.1,3.0135965407925256,6.7
401856755,2026,12,regular,2026-11-21T05:00:00.000Z,True,False,False,True,,3910,DKR-Texas Memorial Stadium,251,Texas,fbs,SEC,,,,,,8,Arkansas,fbs,SEC,,,,,,,,,12.45207640875597,16.2,3.600665259775413,5.1
401860918,2026,12,regular,2026-11-21T05:00:00.000Z,True,False,False,True,,3660,Valley Children's Stadium,278,Fresno State,fbs,Pac-12,,,,,,36,Colorado State,fbs,Pac-12,,,,,,,,,-0.8459897998591692,1.8,-10.358706746414548,-15.6
401862833,2026,12,regular,2026-11-21T05:00:00.000Z,True,False,False,True,,3715,FAU Stadium,2226,Florida Atlantic,fbs,American Athletic,,,,,,58,South Florida,fbs,American Athletic,,,,,,,,,-7.954327133931199,-8.7,8.882042757678047,11.6
401862836,2026,12,regular,2026-11-21T05:00:00.000Z,True,False,False,True,,7221,Protective Stadium,5,UAB,fbs,American Athletic,,,,,,2636,UTSA,fbs,American Athletic,,,,,,,,,-10.289782563338663,-15.8,3.509841263493014,3.7
401856753,2026,12,regular,2026-11-21T05:00:00.000Z,True,False,False,True,,3994,Williams-Brice Stadium,2579,South Carolina,fbs,SEC,,,,,,61,Georgia,fbs,SEC,,,,,,,,,5.815141074531684,5.9,16.8327411286464,24.1
401856751,2026,12,regular,2026-11-21T05:00:00.000Z,True,False,False,True,,3838,Memorial Stadium,142,Missouri,fbs,SEC,,,,,,96,Kentucky,fbs,SEC,,,,,,,,,8.980910678143152,14.4,1.3204525927635191,1.8
401856872,2026,12,regular,2026-11-21T05:00:00.000Z,True,False,False,True,,3616,Amon G. Carter Stadium,2628,TCU,fbs,Big 12,,,,,,254,Utah,fbs,Big 12,,,,,,,,,6.264575408872811,8.3,13.988310372281004,22.2
401856754,2026,12,regular,2026-11-21T05:00:00.000Z,True,False,False,True,,3853,Neyland Stadium,2633,Tennessee,fbs,SEC,,,,,,99,LSU,fbs,SEC,,,,,,,,,9.894871582442132,15.0,7.929507674598161,10.3
401862835,2026,12,regular,2026-11-21T05:00:00.000Z,True,False,False,True,,4729,Yulman Stadium,2655,Tulane,fbs,American Athletic,,,,,,249,North Texas,fbs,American Athletic,,,,,,,,,2.6787836041688293,6.3,7.273833165668625,13.8
401861968,2026,12,regular,2026-11-21T05:00:00.000Z,True,False,False,False,,3892,Pratt & Whitney Stadium,41,UConn,fbs,FBS Independents,,,,,,295,Old Dominion,fbs,Sun Belt,,,,,,,,,1.006537706152533,5.1,3.9052060093975944,5.9
401862832,2026,12,regular,2026-11-21T05:00:00.000Z,True,False,False,True,,3674,Chapman Stadium,202,Tulsa,fbs,American Athletic,,,,,,2429,Charlotte,fbs,American Athletic,,,,,,,,,-7.809272050450313,-10.0,-17.345504478601242,-26.7
401858528,2026,12,regular,2026-11-21T05:00:00.000Z,True,False,False,True,,3558,Michigan Stadium,130,Michigan,fbs,Big Ten,,,,,,26,UCLA,fbs,Big Ten,,,,,,,,,9.446327986321638,12.4,-4.79368522529276,-8.7
401860920,2026,12,regular,2026-11-21T05:00:00.000Z,True,False,False,False,,3644,Bobcat Stadium (TX),326,Texas State,fbs,Pac-12,,,,,,265,Washington State,fbs,Pac-12,,,,,,,,,1.8173930819668864,2.3,1.0901117343902982,3.8
401858529,2026,12,regular,2026-11-21T05:00:00.000Z,True,False,False,True,,3936,Spartan Stadium,127,Michigan State,fbs,Big Ten,,,,,,2483,Oregon,fbs,Big Ten,,,,,,,,,-0.9993838740226948,-3.4,17.45461079235452,25.9
401856752,2026,12,regular,2026-11-21T05:00:00.000Z,True,False,False,True,,3835,"Memorial Stadium (Norman, OK)",201,Oklahoma,fbs,SEC,,,,,,245,Texas A&M,fbs,SEC,,,,,,,,,12.17713073595135,18.3,14.4280651487751,20.7
401864545,2026,12,regular,2026-11-21T05:00:00.000Z,True,False,False,True,,3713,Falcon Stadium,2005,Air Force,fbs,Mountain West,,,,,,2638,UTEP,fbs,Mountain West,,,,,,,,,-3.230343283582089,-3.2,-10.925472904729055,-17.5
401858530,2026,12,regular,2026-11-21T05:00:00.000Z,True,False,False,True,,3953,Huntington Bank Stadium,135,Minnesota,fbs,Big Ten,,,,,,77,Northwestern,fbs,Big Ten,,,,,,,,,0.8747571955119204,1.5,3.57554342897739,5.8
401856868,2026,12,regular,2026-11-21T05:00:00.000Z,True,False,False,True,,3842,Milan Puskar Stadium,277,West Virginia,fbs,Big 12,,,,,,248,Houston,fbs,Big 12,,,,,,,,,-4.889941995131068,-6.8,4.627377792543724,7.4
401858527,2026,12,regular,2026-11-21T05:00:00.000Z,True,False,False,True,,3832,"Memorial Stadium (Champaign, IL)",356,Illinois,fbs,Big Ten,,,,,,2294,Iowa,fbs,Big Ten,,,,,,,,,7.118538498166778,12.9,12.63699576066072,19.7
401856748,2026,12,regular,2026-11-21T05:00:00.000Z,True,False,False,True,,3634,Ben Hill Griffin Stadium,57,Florida,fbs,SEC,,,,,,238,Vanderbilt,fbs,SEC,,,,,,,,,4.277491963455242,3.5,13.5246617202993,20.3
401858532,2026,12,regular,2026-11-21T05:00:00.000Z,True,False,False,True,,3632,Beaver Stadium,213,Penn State,fbs,Big Ten,,,,,,164,Rutgers,fbs,Big Ten,,,,,,,,,13.108973426889438,18.1,0.8955656809735639,1.0
401858531,2026,12,regular,2026-11-21T05:00:00.000Z,True,False,False,True,,3834,"Memorial Stadium (Lincoln, NE)",158,Nebraska,fbs,Big Ten,,,,,,194,Ohio State,fbs,Big Ten,,,,,,,,,4.303561685092163,6.2,20.412432705449245,30.1
401856750,2026,12,regular,2026-11-21T05:00:00.000Z,True,False,False,False,,3693,Davis Wade Stadium,344,Mississippi State,fbs,SEC,,,,,,2635,Tennessee Tech,fcs,Big South-OVC,,,,,,,,,2.1111812540588133,4.1,,
401858535,2026,12,regular,2026-11-21T05:00:00.000Z,True,False,False,True,,3765,Husky Stadium,264,Washington,fbs,Big Ten,,,,,,84,Indiana,fbs,Big Ten,,,,,,,,,11.414099047867792,18.4,22.018965910520933,32.4
401858534,2026,12,regular,2026-11-21T05:00:00.000Z,True,False,False,True,,477,Los Angeles Memorial Coliseum,30,USC,fbs,Big Ten,,,,,,120,Maryland,fbs,Big Ten,,,,,,,,,12.012121211063716,16.9,-1.4216318725694228,0.6
401856866,2026,12,regular,2026-11-21T05:00:00.000Z,True,False,False,True,,3833,Memorial Stadium,2305,Kansas,fbs,Big 12,,,,,,252,BYU,fbs,Big 12,,,,,,,,,2.362685970496978,4.1,10.789621328567566,15.9
401866470,2026,13,regular,2026-11-24T05:00:00.000Z,True,False,False,True,,3912,Rynearson Stadium,2199,Eastern Michigan,fbs,Mid-American,,,,,,2309,Kent State,fbs,Mid-American,,,,,,,,,-10.152992750332649,-14.7,-15.028327676365857,-19.3
401866471,2026,13,regular,2026-11-24T05:00:00.000Z,True,False,False,True,,3980,Waldo Stadium,2711,Western Michigan,fbs,Mid-American,,,,,,193,Miami (OH),fbs,Mid-American,,,,,,,,,-0.1835943338395365,-1.4,-3.1775534402591803,-3.4
401858536,2026,13,regular,2026-11-27T05:00:00.000Z,True,False,False,True,,3793,Kinnick Stadium,2294,Iowa,fbs,Big Ten,,,,,,158,Nebraska,fbs,Big Ten,,,,,,,,,12.63699576066072,19.7,4.303561685092163,6.2
401856762,2026,13,regular,2026-11-27T05:00:00.000Z,True,False,False,True,,3974,Vaught-Hemingway Stadium,145,Ole Miss,fbs,SEC,,,,,,344,Mississippi State,fbs,SEC,,,,,,,,,15.07976744095631,24.0,2.1111812540588133,4.1
401862837,2026,13,regular,2026-11-27T05:00:00.000Z,True,False,False,True,,3699,Dowdy-Ficklen Stadium,151,East Carolina,fbs,American Athletic,,,,,,2226,Florida Atlantic,fbs,American Athletic,,,,,,,,,4.212568586525315,8.0,-7.954327133931199,-8.7
401862839,2026,13,regular,2026-11-27T05:00:00.000Z,True,False,False,True,,3886,Raymond James Stadium,58,South Florida,fbs,American Athletic,,,,,,2655,Tulane,fbs,American Athletic,,,,,,,,,8.882042757678047,11.6,2.6787836041688293,6.3
401862838,2026,13,regular,2026-11-27T05:00:00.000Z,True,False,False,True,,3805,Simmons Bank Liberty Stadium,235,Memphis,fbs,American Athletic,,,,,,218,Temple,fbs,American Athletic,,,,,,,,,2.836722465986789,7.6,-4.615399786530988,-5.1
401856759,2026,13,regular,2026-11-27T05:00:00.000Z,True,False,False,False,,3697,Doak Campbell Stadium,52,Florida State,fbs,ACC,,,,,,57,Florida,fbs,SEC,,,,,,,,Will be played Nov. 27 or Nov. 28,4.530140271678208,7.2,4.277491963455242,3.5
401866473,2026,13,regular,2026-11-27T05:00:00.000Z,True,False,False,True,,3876,Peden Stadium,195,Ohio,fbs,Mid-American,,,,,,2649,Toledo,fbs,Mid-American,,,,,,,,,-1.7270115905927574,-4.0,4.035342090714397,6.0
401866472,2026,13,regular,2026-11-27T05:00:00.000Z,True,False,False,True,,3768,InfoCision Stadium,2006,Akron,fbs,Mid-American,,,,,,2084,Buffalo,fbs,Mid-American,,,,,,,,,-11.378692054665397,-13.9,-6.622674488235944,-7.5
401856756,2026,13,regular,2026-11-27T05:00:00.000Z,True,False,False,True,,3795,Kyle Field,245,Texas A&M,fbs,SEC,,,,,,251,Texas,fbs,SEC,,,,,,,,,14.4280651487751,20.7,12.45207640875597,16.2
401858315,2026,13,regular,2026-11-28T05:00:00.000Z,True,False,False,True,,3831,California Memorial Stadium,25,California,fbs,ACC,,,,,,221,Pittsburgh,fbs,ACC,,,,,,,,,-2.956324887796351,-3.2,5.696052770885623,8.4
401862840,2026,13,regular,2026-11-28T05:00:00.000Z,True,False,False,True,,3604,Alamodome,2636,UTSA,fbs,American Athletic,,,,,,202,Tulsa,fbs,American Athletic,,,,,,,,,3.509841263493014,3.7,-7.809272050450313,-10.0
401864550,2026,13,regular,2026-11-28T05:00:00.000Z,True,False,False,True,,3764,Huskie Stadium,2459,Northern Illinois,fbs,Mountain West,,,,,,2638,UTEP,fbs,Mountain West,,,,,,,,,-10.823582106411772,-16.7,-10.925472904729055,-17.5
401856877,2026,13,regular,2026-11-28T05:00:00.000Z,True,False,False,True,,3646,Boone Pickens Stadium,197,Oklahoma State,fbs,Big 12,,,,,,2305,Kansas,fbs,Big 12,,,,,,,,,-9.962268999294146,-15.1,2.362685970496978,4.1
401858541,2026,13,regular,2026-11-28T05:00:00.000Z,True,False,False,True,,3626,Autzen Stadium,2483,Oregon,fbs,Big Ten,,,,,,264,Washington,fbs,Big Ten,,,,,,,,,17.45461079235452,25.9,11.414099047867792,18.4
401858543,2026,13,regular,2026-11-28T05:00:00.000Z,True,False,False,True,,1056,Rose Bowl,26,UCLA,fbs,Big Ten,,,,,,30,USC,fbs,Big Ten,,,,,,,,,-4.79368522529276,-8.7,12.012121211063716,16.9
401856875,2026,13,regular,2026-11-28T05:00:00.000Z,True,False,False,True,,3726,Folsom Field,38,Colorado,fbs,Big 12,,,,,,2116,UCF,fbs,Big 12,,,,,,,,,-4.901429057985768,-8.3,-1.101336881341057,-1.2
401858540,2026,13,regular,2026-11-28T05:00:00.000Z,True,False,False,True,,3861,Ohio Stadium,194,Ohio State,fbs,Big Ten,,,,,,130,Michigan,fbs,Big Ten,,,,,,,,,20.412432705449245,30.1,9.446327986321638,12.4
401858312,2026,13,regular,2026-11-28T05:00:00.000Z,True,False,False,True,,3630,Allegacy Federal Credit Union Stadium,154,Wake Forest,fbs,ACC,,,,,,150,Duke,fbs,ACC,,,,,,,,,1.9988560846284509,5.7,3.6816511094177145,6.6
401866474,2026,13,regular,2026-11-28T05:00:00.000Z,True,False,False,True,,3919,Scheumann Stadium,2050,Ball State,fbs,Mid-American,,,,,,2117,Central Michigan,fbs,Mid-American,,,,,,,,,-16.169764807426272,-23.0,-8.277083807944111,-8.8
401866475,2026,13,regular,2026-11-28T05:00:00.000Z,True,False,False,True,,3700,Doyt L. Perry Stadium,189,Bowling Green,fbs,Mid-American,,,,,,113,Massachusetts,fbs,Mid-American,,,,,,,,,-9.462107636422031,-12.6,-23.515507145934244,-36.6
401858313,2026,13,regular,2026-11-28T05:00:00.000Z,True,False,False,True,,3787,Kenan Stadium,153,North Carolina,fbs,ACC,,,,,,152,NC State,fbs,ACC,,,,,,,,,-4.9209574583406415,-6.6,4.379001235552232,4.8
401858542,2026,13,regular,2026-11-28T05:00:00.000Z,True,False,False,True,,6577,SHI Stadium,164,Rutgers,fbs,Big Ten,,,,,,127,Michigan State,fbs,Big Ten,,,,,,,,,0.8955656809735639,1.0,-0.9993838740226948,-3.4
401856765,2026,13,regular,2026-11-28T05:00:00.000Z,True,False,False,True,,3973,FirstBank Stadium,238,Vanderbilt,fbs,SEC,,,,,,2633,Tennessee,fbs,SEC,,,,,,,,,13.5246617202993,20.3,9.894871582442132,15.0
401856876,2026,13,regular,2026-11-28T05:00:00.000Z,True,False,False,True,,3801,LaVell Edwards Stadium,252,BYU,fbs,Big 12,,,,,,2132,Cincinnati,fbs,Big 12,,,,,,,,,10.789621328567566,15.9,2.670951635634245,4.5
401856879,2026,13,regular,2026-11-28T05:00:00.000Z,True,False,False,True,,3784,Jones AT&T Stadium,2641,Texas Tech,fbs,Big 12,,,,,,2628,TCU,fbs,Big 12,,,,,,,,,17.6991792937539,27.6,6.264575408872811,8.3
401861969,2026,13,regular,2026-11-28T05:00:00.000Z,True,False,False,False,,3984,War Memorial Stadium,2751,Wyoming,fbs,Mountain West,,,,,,41,UConn,fbs,FBS Independents,,,,,,,,,-7.474915292494448,-11.3,1.006537706152533,5.1
401858539,2026,13,regular,2026-11-28T05:00:00.000Z,True,False,False,True,,3665,SECU Stadium,120,Maryland,fbs,Big Ten,,,,,,213,Penn State,fbs,Big Ten,,,,,,,,,-1.4216318725694228,0.6,13.108973426889438,18.1
401858314,2026,13,regular,2026-11-28T05:00:00.000Z,True,False,False,False,,1964,JMA Wireless Dome,183,Syracuse,fbs,ACC,,,,,,87,Notre Dame,fbs,FBS Independents,,,,,,,,,-8.795570216842233,-13.1,18.48132325852264,24.4
401856880,2026,13,regular,2026-11-28T05:00:00.000Z,True,False,False,True,,587,Rice-Eccles Stadium,254,Utah,fbs,Big 12,,,,,,277,West Virginia,fbs,Big 12,,,,,,,,,13.988310372281004,22.2,-4.889941995131068,-6.8
401856757,2026,13,regular,2026-11-28T05:00:00.000Z,True,False,False,True,,3657,Bryant-Denny Stadium,333,Alabama,fbs,SEC,,,,,,2,Auburn,fbs,SEC,,,,,,,,,12.012093054306495,14.8,7.453457920925981,11.6
401858317,2026,13,regular,2026-11-28T05:00:00.000Z,True,False,False,True,,3799,Lane Stadium,259,Virginia Tech,fbs,ACC,,,,,,258,Virginia,fbs,ACC,,,,,,,,,-4.313755640950693,-10.1,5.907986460984766,11.1
401858538,2026,13,regular,2026-11-28T05:00:00.000Z,True,False,False,True,,3830,"Memorial Stadium (Bloomington, IN)",84,Indiana,fbs,Big Ten,,,,,,2509,Purdue,fbs,Big Ten,,,,,,,,,22.018965910520933,32.4,-4.50813200195571,-6.1
401856764,2026,13,regular,2026-11-28T05:00:00.000Z,True,False,False,False,,3836,"Memorial Stadium (Clemson, SC)",228,Clemson,fbs,ACC,,,,,,2579,South Carolina,fbs,SEC,,,,,,,,,8.19128633697738,9.5,5.815141074531684,5.9
401856758,2026,13,regular,2026-11-28T05:00:00.000Z,True,False,False,True,,3887,Razorback Stadium,8,Arkansas,fbs,SEC,,,,,,99,LSU,fbs,SEC,,,,,,,,,3.600665259775413,5.1,7.929507674598161,10.3
401858537,2026,13,regular,2026-11-28T05:00:00.000Z,True,False,False,True,,3832,"Memorial Stadium (Champaign, IL)",356,Illinois,fbs,Big Ten,,,,,,77,Northwestern,fbs,Big Ten,,,,,,,,,7.118538498166778,12.9,3.57554342897739,5.8
401864547,2026,13,regular,2026-11-28T05:00:00.000Z,True,False,False,False,,7220,Clarence T.C. Ching Athletics Complex,62,Hawai'i,fbs,Mountain West,,,,,,16,Sacramento State,fbs,Mid-American,,,,,,,,,-1.3547865732703483,1.7,,
401864549,2026,13,regular,2026-11-28T05:00:00.000Z,True,False,False,True,,3935,CEFCU Stadium,23,San José State,fbs,Mountain West,,,,,,2449,North Dakota State,fbs,Mountain West,,,,,,,,,-10.083470117202756,-14.3,,
401862841,2026,13,regular,2026-11-28T05:00:00.000Z,True,False,False,True,,3895,Rice Stadium,242,Rice,fbs,American Athletic,,,,,,349,Army,fbs,American Athletic,,,,,,,,,-11.23273108593408,-14.8,-2.316955389121835,0.8
401864548,2026,13,regular,2026-11-28T05:00:00.000Z,True,False,False,True,,6501,Allegiant Stadium,2439,UNLV,fbs,Mountain West,,,,,,2440,Nevada,fbs,Mountain West,,,,,,,,,1.663416426982159,4.3,-9.108004380608008,-13.4
401856874,2026,13,regular,2026-11-28T05:00:00.000Z,True,False,False,True,,4728,TDECU Stadium,248,Houston,fbs,Big 12,,,,,,239,Baylor,fbs,Big 12,,,,,,,,,4.627377792543724,7.4,1.9959355568862849,1.4
401864546,2026,13,regular,2026-11-28T05:00:00.000Z,True,False,False,True,,3971,University Stadium (NM),167,New Mexico,fbs,Mountain West,,,,,,2005,Air Force,fbs,Mountain West,,,,,,,,,-1.9330740047732964,0.9,-3.230343283582089,-3.2
401856760,2026,13,regular,2026-11-28T05:00:00.000Z,True,False,False,False,,3917,Sanford Stadium,61,Georgia,fbs,SEC,,,,,,59,Georgia Tech,fbs,ACC,,,,,,,,,16.8327411286464,24.1,6.129344713647271,9.3
401862842,2026,13,regular,2026-11-28T05:00:00.000Z,True,False,False,True,,4418,Jerry Richardson Stadium,2429,Charlotte,fbs,American Athletic,,,,,,2426,Navy,fbs,American Athletic,,,,,,,,,-17.345504478601242,-26.7,3.6151567164179106,6.2
401856873,2026,13,regular,2026-11-28T05:00:00.000Z,True,False,False,True,,3619,Arizona Stadium,12,Arizona,fbs,Big 12,,,,,,9,Arizona State,fbs,Big 12,,,,,,,,,7.403131754301907,12.0,3.8983574163879062,3.9
401862843,2026,13,regular,2026-11-28T05:00:00.000Z,True,False,False,True,,3825,DATCU Stadium,249,North Texas,fbs,American Athletic,,,,,,5,UAB,fbs,American Athletic,,,,,,,,,7.273833165668625,13.8,-10.289782563338663,-15.8
401858544,2026,13,regular,2026-11-28T05:00:00.000Z,True,False,False,True,,347,Camp Randall Stadium,275,Wisconsin,fbs,Big Ten,,,,,,135,Minnesota,fbs,Big Ten,,,,,,,,,-0.8877467159049215,-4.4,0.8747571955119204,1.5
401856761,2026,13,regular,2026-11-28T05:00:00.000Z,True,False,False,False,,3683,Kroger Field,96,Kentucky,fbs,SEC,,,,,,97,Louisville,fbs,ACC,,,,,,,,,1.3204525927635191,1.8,7.876000526356302,12.4
401858316,2026,13,regular,2026-11-28T05:00:00.000Z,True,False,False,True,,3940,Stanford Stadium,24,Stanford,fbs,ACC,,,,,,2567,SMU,fbs,ACC,,,,,,,,,-6.298182172490354,-11.8,9.584944651382775,13.4
401856878,2026,13,regular,2026-11-28T05:00:00.000Z,True,False,False,True,,3772,Jack Trice Stadium,66,Iowa State,fbs,Big 12,,,,,,2306,Kansas State,fbs,Big 12,,,,,,,,,6.0671843891579345,9.9,5.543882663257685,7.0
401858311,2026,13,regular,2026-11-28T05:00:00.000Z,True,False,False,True,,3948,Hard Rock Stadium,2390,Miami,fbs,ACC,,,,,,103,Boston College,fbs,ACC,,,,,,,,,14.665351850528298,20.7,-4.643531212630915,-8.5
401856763,2026,13,regular,2026-11-28T05:00:00.000Z,True,False,False,True,,3838,Memorial Stadium,142,Missouri,fbs,SEC,,,,,,201,Oklahoma,fbs,SEC,,,,,,,,,8.980910678143152,14.4,12.17713073595135,18.3
401862844,2026,15,regular,2026-12-12T20:00:00.000Z,False,False,True,True,,3839,MetLife Stadium,349,Army,fbs,American Athletic,,,,,,2426,Navy,fbs,American Athletic,,,,,,,,,-2.316955389121835,0.8,3.6151567164179106,6.2
